Dietist Url,Company Name,City,Phone,Website
https://www.detelefoongids.nl/mrs-refresh-health-lifestyle-coaching/21331513/5-1/,Mrs. Refresh Health & Lifestyle coaching ,Rotterdam,06-17312642,
https://www.detelefoongids.nl/mudde-dietistenpraktijk-marianne/19294919/5-1/,Mudde Diëtistenpraktijk Marianne ,Amerongen,06-39447758,
https://www.detelefoongids.nl/luja-s-life-line/20362140/5-1/,Luja's-Life-Line ,Venlo,077-3540398,http://www.lujas-life-line.nl
https://www.detelefoongids.nl/suzanne-vossen-gewichtscoach/21400517/5-1/,Suzanne Vossen | Gewichtscoach ,Helmond,06-18067369,https://suzannevossen.nl
https://www.detelefoongids.nl/mijn-voedingspraktijk/ym00017209/5-1/,Mijn Voedingspraktijk ,Pijnacker,06-30630529,http://www.mijnvoedingspraktijk.nl
https://www.detelefoongids.nl/sturk-dietistenpraktijk-j/16710781/5-1/,Sturk Diëtistenpraktijk J ,Koog aan de Zaan,075-6143345,
https://www.detelefoongids.nl/vink-je-fit/20663413/5-1/,Vink Je Fit ,Alphen aan den Rijn,06-54327046,
https://www.detelefoongids.nl/studio-in-shape-1-op-1-dieet/exd-00175354/5-1/,Studio in Shape - 1 op 1 dieet ,Nijverdal,06-47142483,http://www.studioinshape.nl
https://www.detelefoongids.nl/voedingsadviesbureau-drunen/13062432/5-1/,Voedingsadviesbureau Drunen ,Drunen,0416-377193,http://www.vabdelangstraat.nl
https://www.detelefoongids.nl/voedingsadvies-westerpark/19948966/5-1/,Voedingsadvies Westerpark ,Amsterdam,06-15875658,http://www.voedingsadvies-westerpark.nl
https://www.detelefoongids.nl/voedingsadviesbureau-de-winter/19987971/5-1/,Voedingsadviesbureau De Winter ,Hoofddorp,023-5573344,https://dewinter.nl
https://www.detelefoongids.nl/voedingsadvies-purmerend/ym00011353/5-1/,Voedingsadvies Purmerend ,Purmerend,0299-435595,http://www.voedingsadviespurmerend.nl
https://www.detelefoongids.nl/voedingsadvies-purmerend/ym00011311/5-1/,Voedingsadvies Purmerend ,Purmerend,0299-430035,http://www.voedingsadviespurmerend.nl
https://www.detelefoongids.nl/rijn-dietist-ingrid-van/17754070/5-1/,Rijn Diëtist Ingrid van ,Zutphen,0575-844420,http://www.wijzerinvoeding.nl
https://www.detelefoongids.nl/rob-beeren-body-coaching/ym00019462/5-1/,Rob Beeren Body Coaching ,Hapert,0497-844135,http://Www.robbeeren.nl
https://www.detelefoongids.nl/voedingsadviesbureau-heerlijk-fit/19912796/5-1/,Voedingsadviesbureau Heerlijk Fit ,Assen,06-48608814,http://www.heerlijkfit.info
https://www.detelefoongids.nl/rome-dietistenpraktijk/19288485/5-1/,Rome Diëtistenpraktijk ,Uithuizen,06-17656608,
https://www.detelefoongids.nl/voedingsverbanden/exd-00026071/5-1/,Voedingsverbanden ,Brielle,06-37172290,http://www.voedingsverbanden.nl
https://www.detelefoongids.nl/voila-orthomoleculair-voedingsadvies/19842123/5-1/,Voilà Orthomoleculair Voedingsadvies ,Nootdorp,015-3105317,
https://www.detelefoongids.nl/yourhealthcoaching-nl/45459784/5-1/,YourHealthCoaching.nl ,Gorinchem,06-36329046,http://www.yourheaulthcoaching.nl
https://www.detelefoongids.nl/voedingsconsulent-eu/19083824/5-1/,Voedingsconsulent.eu ,Sittard,06-28953435,http://www.voedingsconsulent.eu
https://www.detelefoongids.nl/voedingsconsult-bv/18122915/5-1/,Voedingsconsult BV ,Oosterhout nb,0162-494871,
https://www.detelefoongids.nl/voedingspraktijk-zeewolde/20178035/5-1/,Voedingspraktijk Zeewolde ,Zeewolde,06-34046988,http://www.voedingspraktijkzeewolde.nl
https://www.detelefoongids.nl/voedingsconsulente-marlene/18426146/5-1/,Voedingsconsulente Marlene ,Kampen,038-4449383,http://www.voedingsconsulente.com
https://www.detelefoongids.nl/voedingscoach-zaltbommel/45778638/5-1/,Voedingscoach Zaltbommel ,Zaltbommel,06-30112067,
https://www.detelefoongids.nl/voedingscoach-slanknu/ym00006948/5-1/,Voedingscoach-Slanknu ,Soesterberg,06-21489000,https://voedingscoach-slanknu.nl
https://www.detelefoongids.nl/voedingsadvieshuis-het/19060091/5-1/,Voedingsadvieshuis Het ,Emmen,0591-630723,http://www.hetvoedingsadvieshuis.nl
https://www.detelefoongids.nl/voedingscoach-hilda-huisman/45729967/5-1/,Voedingscoach Hilda Huisman ,Wildervank,06-11284357,
https://www.detelefoongids.nl/voedingscoach-aan-huis/20807289/5-1/,Voedingscoach aan huis ,Pijnacker,06-51243301,http://www.voedingscoachaanhuis.nl
https://www.detelefoongids.nl/voedingscentrum-nederland-stichting/15977632/5-1/,Voedingscentrum Nederland Stichting ,Den Haag,070-3068888,http://www.voedingscentrum.nl
https://www.detelefoongids.nl/voedingsdeskundige-en-lifestylecoach/20143825/5-1/,Voedingsdeskundige en lifestylecoach ,Utrecht,06-40987472,http://www.hannekemegens.nl
https://www.detelefoongids.nl/dietist-bas/45884007/5-1/,Diëtist Bas ,Vianen ut,06-40200952,http://www.dietistbas.nl
https://www.detelefoongids.nl/voedingsadviespraktijk-doetinchem/18208246/5-1/,Voedingsadviespraktijk Doetinchem ,Doetinchem,0314-395906,http://www.voedingsadviespraktijk.net
https://www.detelefoongids.nl/voedingsadviescentrum-zwolle/18476245/5-1/,Voedingsadviescentrum Zwolle ,Zwolle,038-7504626,
https://www.detelefoongids.nl/voedingsadviesburo-venray/17317417/5-1/,Voedingsadviesburo Venray ,Venray,0478-510006,http://www.voedingsadviesburovenray.nl
https://www.detelefoongids.nl/ester-hesen-dietist/45410311/5-1/,Ester Hesen Diëtist ,Nijmegen,06-15490885,
https://www.detelefoongids.nl/eline-beltman-gedragswetenschapper-en-dietist/45884750/5-1/,Eline Beltman gedragswetenschapper en diëtist ,Utrecht,06-22663169,
https://www.detelefoongids.nl/eline-beltman-gedragswetenschapper-en-dietist/45878568/5-1/,Eline Beltman gedragswetenschapper en diëtist ,Utrecht,06-22663169,
https://www.detelefoongids.nl/dietist-welbergen/45597110/5-1/,Diëtist Welbergen ,Meppel,06-40616995,
https://www.detelefoongids.nl/dietist-tina-renken/21329482/5-1/,Diëtist Tina Renken ,Zeist,06-48055541,http://www.tinarenken.nl
https://www.detelefoongids.nl/dietist-simone-langelaan/21179122/5-1/,Diëtist Simone Langelaan ,Schipluiden,06-57591140,
https://www.detelefoongids.nl/dietist-sadhana/45742131/5-1/,Diëtist Sadhana ,Den Haag,06-44009342,
https://www.detelefoongids.nl/dietist-marlies-dreijer/45311588/5-1/,Diëtist Marlies Dreijer ,Beverwijk,06-25359347,
https://www.detelefoongids.nl/dietist-nina/21147137/5-1/,Diëtist Nina ,Asten,06-50883388,http://www.dietistnina.nl
https://www.detelefoongids.nl/dietist-nancy/45564170/5-1/,Diëtist Nancy ,Amsterdam,06-55548127,
https://www.detelefoongids.nl/dietist-marije/21167910/5-1/,Diëtist Marije ,Nijmegen,06-57217284,
https://www.detelefoongids.nl/dietist-lisanne/20780392/5-1/,Diëtist Lisanne ,Mill,06-31013504,http://www.dietistlisanne.nl
https://www.detelefoongids.nl/dietist-nathalie-van-beem/21232398/5-1/,Diëtist Nathalie van Beem ,Ilpendam,06-14763946,
https://www.detelefoongids.nl/dietist-mandy-breure/21202323/5-1/,Diëtist Mandy Breure ,Zwanenburg,06-83237875,
https://www.detelefoongids.nl/dietist-laureen-van-zon/45651885/5-1/,Diëtist Laureen van Zon ,Rucphen,06-34005640,
https://www.detelefoongids.nl/dietist-iris-spijker/21401275/5-1/,Diëtist Iris Spijker ,Heemskerk,06-19250726,
https://www.detelefoongids.nl/dietist-helena-kneppers/45587644/5-1/,Diëtist Helena Kneppers ,Haarlem,06-34405697,
https://www.detelefoongids.nl/dietist-haaglanden/45931693/5-1/,Diëtist Haaglanden ,Voorburg,06-54715265,http://www.dietisthaaglanden.nl
https://www.detelefoongids.nl/dietist-fleur-baerwaldt/45439376/5-1/,Diëtist Fleur Baerwaldt ,Amsterdam,06-52258580,
https://www.detelefoongids.nl/dietisten-gewichtsconsulenten-en-voedingsdeskundigen/4-1/,Dietist,Nederland,06-44816116,
https://www.detelefoongids.nl/dietist-dominique/45340275/5-1/,Diëtist Dominique ,Zwijndrecht,06-57326771,http://www.dietistdominique.nl
https://www.detelefoongids.nl/dietist-f-panchu/exd-00130998/5-1/,Diëtist F. Panchu ,Almere,06-44758660,
https://www.detelefoongids.nl/dietist-charel-wagenvoort/45856510/5-1/,Diëtist Charèl Wagenvoort ,Groningen,06-13814188,
https://www.detelefoongids.nl/dietist-carin-de-vries/45779305/5-1/,Diëtist Carin de Vries ,Helmond,06-53909710,
https://www.detelefoongids.nl/voedingsadviesburo-nutricoach-e-thimister-arts/20706011/5-1/,Voedingsadviesburo NutriCoach E Thimister arts ,Wageningen,06-41521880,http://www.buronutricoach.nl
https://www.detelefoongids.nl/voedingsadviesburo-humus/19288396/5-1/,Voedingsadviesburo Humus ,Eckelrade,06-57623732,http://www.voedingsadviesburohumus.nl
https://www.detelefoongids.nl/voedingsadviesburo-blaricum-laren-naarden/18270493/5-1/,"Voedingsadviesburo Blaricum, Laren & Naarden ",Blaricum,06-29048136,http://www.voedingsadviesblaricum.nl
https://www.detelefoongids.nl/voedingsadviesbureau-van-voorthuizen/20991476/5-1/,Voedingsadviesbureau van Voorthuizen ,Voorthuizen,06-11196641,http://www.123voedingsadvies.com
https://www.detelefoongids.nl/voedingsadviesbureau-slim/20986651/5-1/,Voedingsadviesbureau Slim ,Wormer,06-18443318,http://www.voedingsadviesbureauslim.nl
https://www.detelefoongids.nl/dietisten-gewichtsconsulenten-en-voedingsdeskundigen/4-1/,Dietist,Nederland,070-3225020,
https://www.detelefoongids.nl/dietist-bas/45878323/5-1/,Diëtist Bas ,Vianen ut,06-40200952,http://www.dietistbas.nl
https://www.detelefoongids.nl/coriene-gunnink-dietist/21073296/5-1/,Coriene Gunnink Diëtist ,Maassluis,06-30047801,
https://www.detelefoongids.nl/de-mindful-dietist/20790202/5-1/,De Mindful Diëtist ,Den Haag,06-45219008,
https://www.detelefoongids.nl/dietist-amber/exd-00002151/5-1/,Diëtist Amber ,Halsteren,06-25350570,
https://www.detelefoongids.nl/alie-brouwer-dietist/45855702/5-1/,Alie Brouwer diëtist ,Den Bosch,06-58919804,
https://www.detelefoongids.nl/voedingsadviesbureau-puur/19294909/5-1/,Voedingsadviesbureau PUUR ,Nijmegen,06-19925423,http://www.voedingsadviesbureau-puur.nl
https://www.detelefoongids.nl/diana-dietist/exd-00152907/5-1/,Diana Diëtist ,Zevenhuizen zh,06-42622402,
https://www.detelefoongids.nl/brunna-venceslau-dietist/exd-00156070/5-1/,Brunna Venceslau Diëtist ,Den Haag,06-13905646,
https://www.detelefoongids.nl/bo-van-nieuwenhuizen-dietist-leefstijlcoach/exd-00118493/5-1/,Bo van Nieuwenhuizen diëtist & leefstijlcoach ,Vleuten,06-41499625,
https://www.detelefoongids.nl/dietist-auke/45362170/5-1/,Diëtist Auke ,Panningen,06-29230647,
https://www.detelefoongids.nl/asn-dietist/45306837/5-1/,ASN Diëtist ,Amsterdam,06-54281871,
https://www.detelefoongids.nl/crina-kuipers-online-dietist-en-voedingscoach/21184803/5-1/,"Crina Kuipers, (online) diëtist en voedingscoach ",Bodegraven,06-42144448,
https://www.detelefoongids.nl/dietisten-gewichtsconsulenten-en-voedingsdeskundigen/4-1/,Dietist,Nederland,0182-699286,
https://www.detelefoongids.nl/voedingsadviesbureau-remijnse/182316180020/5-1/,Voedingsadviesbureau Remijnse ,Den Haag,070-3225020,http://www.mariette-remijnse.nl
https://www.detelefoongids.nl/zweerink-dietiste-hennie/17460578/5-1/,Zweerink Diëtiste Hennie ,Baak,0575-441809,
https://www.detelefoongids.nl/zwakman-voedingsadviesbureau/18443938/5-1/,Zwakman Voedingsadviesbureau ,Heemskerk,06-16972292,http://www.kimzwakman.nl
https://www.detelefoongids.nl/zwagemaker-j/18274222/5-1/,Zwagemaker J ,Hilversum,035-6286815,
https://www.detelefoongids.nl/dietist-en-sportdietist-bert-snijder/184505910050/5-1/,Diëtist en Sportdiëtist Bert Snijder ,Rotterdam,06-44816116,
https://www.detelefoongids.nl/dietist-en-sportdietist-bert-snijder/184505910040/5-1/,Diëtist en Sportdiëtist Bert Snijder ,Rotterdam,06-44816116,
https://www.detelefoongids.nl/voedingsadviesbureau-remijnse/182316180010/5-1/,Voedingsadviesbureau Remijnse ,Den Haag,070-3225020,http://www.mariette-remijnse.nl
https://www.detelefoongids.nl/dietist-en-sportdietist-bert-snijder/184505910030/5-1/,Diëtist en Sportdiëtist Bert Snijder ,Rotterdam,06-44816116,
https://www.detelefoongids.nl/dietist-en-sportdietist-bert-snijder/184505910020/5-1/,Diëtist en Sportdiëtist Bert Snijder ,Rotterdam,06-44816116,
https://www.detelefoongids.nl/dietist-en-sportdietist-bert-snijder/184505910010/5-1/,Diëtist en Sportdiëtist Bert Snijder ,Rotterdam,06-44816116,
https://www.detelefoongids.nl/zwaag-voeding-en-gewichtspraktijk-yda-van-der/19905875/5-1/,Zwaag Voeding- en Gewichtspraktijk Yda van der ,Dronryp,06-13297916,http://www.voeding-gewichtspraktijk.nl
https://www.detelefoongids.nl/zorgboog-de/19288376/5-1/,Zorgboog De ,Den Bosch,0492-348291,
https://www.detelefoongids.nl/zoeetje/20118181/5-1/,Zoeetje ,Beek en Donk,06-28816844,http://www.zoeetje.nl
https://www.detelefoongids.nl/zorg-voor-voeding/20067607/5-1/,Zorg voor Voeding ,Zwijndrecht,06-34414174,http://www.zorgvoorvoeding.nl
https://www.detelefoongids.nl/zoete-appel-dietistenpraktijk-de/19376744/5-1/,Zoete Appel Diëtistenpraktijk De ,Amsterdam,020-7371688,http://www.dezoeteappel.nl
https://www.detelefoongids.nl/ypma-dietiste-en-natuurvoedingskundige-rya/18905806/5-1/,Ypma diëtiste en natuurvoedingskundige Rya ,Nijmegen,024-3552978,http://www.rya-ypma.nl
https://www.detelefoongids.nl/yourweight/20992745/5-1/,YourWeight ,Castricum,0251-700259,http://www.yourweight.nl
https://www.detelefoongids.nl/romana-switzer/45591382/5-1/,Romana Switzer ,Oegstgeest,06-12378348,http://www.romanaswitzer.nl
https://www.detelefoongids.nl/roest-dietistenpraktijk-ans/17203417/5-1/,Roest Diëtistenpraktijk Ans ,Abcoude,0294-288185,http://www.webdietist.nl
https://www.detelefoongids.nl/roeleven-voedings-dieetadvies/20116985/5-1/,Roeleven Voedings- & Dieetadvies ,Delft,06-44484654,http://www.dietistroeleven.nl
https://www.detelefoongids.nl/zeeage/exd-00065652/5-1/,Zeeage ,Zierikzee,06-51250020,http://www.zeeage.nl
https://www.detelefoongids.nl/roest-dietetiek-praktijk-alice/17016643/5-1/,Roest Diëtetiek Praktijk Alice ,Emmeloord,0527-631529,http://www.gc-dewilg.nl
https://www.detelefoongids.nl/zin-vol/19509830/5-1/,Zin-Vol ,Schaijk,06-13368132,
https://www.detelefoongids.nl/seforma/19157147/5-1/,Seforma ,Almere,036-5214382,
https://www.detelefoongids.nl/slank-in-schagen-voedingsadvies/17993736/5-1/,Slank in Schagen Voedingsadvies ,Schagen,06-51704423,
https://www.detelefoongids.nl/slank-en-puur-gewichtsconsulent-natuurvoedingsadviseur-en-voedingscoach/21244696/5-1/,"Slank en Puur Gewichtsconsulent, Natuurvoedingsadviseur en Voedingscoach ",Dordrecht,06-24360510,http://www.slankenpuur.nl
https://www.detelefoongids.nl/slanck/18836590/5-1/,Slanck ,Hillegom,06-81617022,http://www.slanck.nl
https://www.detelefoongids.nl/silvie-lansink-vietal-voedings-en-leefstijladvies/19859506/5-1/,Silvie Lansink VieTal Voedings- en Leefstijladvies ,Hengelo ov,06-19913900,http://www.vietalvoeding.nl
https://www.detelefoongids.nl/slim-eat-healthy/ym00019378/5-1/,Slim Eat Healthy ,Amsterdam,06-26711763,http://www.slim-eat-healthy.nl
https://www.detelefoongids.nl/schuurman-dietistenpraktijk-yvonne/14620349/5-1/,Schuurman Diëtistenpraktijk Yvonne ,Lichtenvoorde,0315-242201,
https://www.detelefoongids.nl/schook-o-g/18473920/5-1/,Schook O G ,Uden,0413-256177,
https://www.detelefoongids.nl/zwier-van-barneveld-s-l-dietistenpraktijk-healthy-habits/197013120030/5-1/,"Zwier-van Barneveld, S.L. Diëtistenpraktijk Healthy Habits ",Gouda,0182-699286,
https://www.detelefoongids.nl/zwier-van-barneveld-s-l-dietistenpraktijk-healthy-habits/197013120010/5-1/,"Zwier-van Barneveld, S.L. Diëtistenpraktijk Healthy Habits ",Gouda,0182-699286,
https://www.detelefoongids.nl/schatorje-dietiste-jolanda/17316935/5-1/,Schatorjé Diëtiste Jolanda ,Venlo,077-3511485,http://www.schatorje.org
https://www.detelefoongids.nl/sava-voedingadvies-voor-sporters/19385165/5-1/,SaVa Voedingadvies voor Sporters ,Utrecht,06-33102804,http://www.sa-va.nl
https://www.detelefoongids.nl/saskia-gewichtscoach/19945208/5-1/,Saskia Gewichtscoach ,Helmond,06-41328460,http://www.gewichtscoachsaskia.nl
https://www.detelefoongids.nl/sante-dietistenpraktijk-voor-voeding-en-beweging/18198112/5-1/,Santé Diëtistenpraktijk voor Voeding en Beweging ,Harderwijk,06-45223048,http://www.santevoeding.nl
https://www.detelefoongids.nl/sante/18387151/5-1/,Sante ,Rijswijk zh,06-43996890,
https://www.detelefoongids.nl/dietisten-gewichtsconsulenten-en-voedingsdeskundigen/4-1/,Dietist,Nederland,06-30375766,
https://www.detelefoongids.nl/sanavis/19746300/5-1/,SanAvis ,Spijk gem Lingewaal,0183-648114,http://www.sanavis.nl
https://www.detelefoongids.nl/samen-op-gewicht/20415932/5-1/,Samen op gewicht ,Amstelveen,06-45304160,http://www.samenopgewicht.nl
https://www.detelefoongids.nl/rt-vooruit-fit-slank/19512405/5-1/,RT Vooruit/Fit&Slank ,Halsteren,06-30883325,http://www.rtvooruit.nl
https://www.detelefoongids.nl/s-v-sportvoedingsadviesbureau/19487513/5-1/,S & V Sportvoedingsadviesbureau ,Purmerend,06-51544623,
https://www.detelefoongids.nl/ridderhof-dietistenpraktijk-martine/20221505/5-1/,Ridderhof Diëtistenpraktijk Martine ,Halsteren,06-16866920,http://www.dietistmartineridderhof.nl
https://www.detelefoongids.nl/samen-slank-schalkwijk/12464530/5-1/,Samen Slank Schalkwijk ,Haarlem,023-5400273,http://www.samen-slank.nl
https://www.detelefoongids.nl/ruissen-polderman-j/14032852/5-1/,Ruissen-Polderman J ,Hulst,0114-370119,
https://www.detelefoongids.nl/rotterdamse-dietist-de/19884387/5-1/,Rotterdamse Diëtist De ,Delft,06-18645499,
https://www.detelefoongids.nl/sanitas-lunteren/45499592/5-1/,Sanitas Lunteren ,Lunteren,06-52634018,
https://www.detelefoongids.nl/sanne-de-ree-dietist-en-voedingskundige/20112391/5-1/,Sanne de Ree Diëtist en Voedingskundige ,Joure,06-30375766,http://www.sannederee-dietist.nl
https://www.detelefoongids.nl/right-life-4u-a-c-mesker/18786304/5-1/,Right Life 4U/A C Mesker ,Noordeloos,0183-601813,http://www.puurfiguur.nl
https://www.detelefoongids.nl/rondeel-dietiste-judith/12881099/5-1/,Rondeel Diëtiste Judith ,Doetinchem,0314-390625,
https://www.detelefoongids.nl/rianne-van-dijk-dietist/45442759/5-1/,"Rianne van Dijk, diëtist ",Rotterdam,06-50898992,
https://www.detelefoongids.nl/retera-voedingsadvies-en-lifestyle-coaching-ellen/18709179/5-1/,Retera Voedingsadvies en Lifestyle Coaching Ellen ,Bunde,043-3640237,http://www.ellenretera.nl
https://www.detelefoongids.nl/relaxmom/ym00022052/5-1/,RelaxMom ,Helvoirt,06-12695193,http://www.relaxmom.nl
https://www.detelefoongids.nl/reijden-dietistenpraktijk-jennifer-van-der/18226947/5-1/,Reijden Diëtistenpraktijk Jennifer van der ,Grave,0486-475781,http://www.jennifervanderreijden.nl
https://www.detelefoongids.nl/sanne-de-ree-dietist-en-voedingskundige/21409500/5-1/,Sanne de Ree Diëtist en Voedingskundige ,Wijnjewoude,06-30375766,http://www.sannederee-dietist.nl
https://www.detelefoongids.nl/sanne-de-ree-dietist-en-voedingskundige/21409498/5-1/,Sanne de Ree Diëtist en Voedingskundige ,Jubbega,06-30375766,http://www.sannederee-dietist.nl
https://www.detelefoongids.nl/sanne-de-ree-dietist-en-voedingskundige/21409494/5-1/,Sanne de Ree Diëtist en Voedingskundige ,Creil,06-30375766,http://www.sannederee-dietist.nl
https://www.detelefoongids.nl/sanne-de-ree-dietist-en-voedingskundige/21409492/5-1/,Sanne de Ree Diëtist en Voedingskundige ,Haulerwijk,06-30375766,http://www.sannederee-dietist.nl
https://www.detelefoongids.nl/sanne-de-ree-dietist-en-voedingskundige/201199630040/5-1/,Sanne de Ree Diëtist en Voedingskundige ,Nagele,06-30375766,http://www.sannederee-dietist.nl
https://www.detelefoongids.nl/reflexio/19926260/5-1/,Reflexio ,Zaandijk,06-55737633,
https://www.detelefoongids.nl/raven-voedingsadvies-coaching/21035023/5-1/,Raven voedingsadvies & coaching ,Lelystad,06-44237450,http://www.voedjebeter.nl
https://www.detelefoongids.nl/randwijck-voedingsadvies-van/19711690/5-1/,Randwijck Voedingsadvies Van ,Amersfoort,033-7521010,http://www.vanrandwijckvoedingsadvies.nl
https://www.detelefoongids.nl/ramm-bewegen/19848518/5-1/,Ramm Bewegen ,Schijndel,073-6560708,http://www.rammbewegen.nl
https://www.detelefoongids.nl/puurcaroline/45455494/5-1/,PuurCaroline ,Made,06-21962135,http://www.puurcaroline.nl
https://www.detelefoongids.nl/sanne-de-ree-dietist-en-voedingskundige/21409490/5-1/,Sanne de Ree Diëtist en Voedingskundige ,Leek,06-30375766,http://www.sannederee-dietist.nl
https://www.detelefoongids.nl/rebalanced-gewichtsconsulent-vlaardingen/18610421/5-1/,Rebalanced Gewichtsconsulent Vlaardingen ,Vlaardingen,06-28558573,http://www.rebalanced.nl
https://www.detelefoongids.nl/yorbody-dietistenpraktijk/19184382/5-1/,YorBody Diëtistenpraktijk ,Hoofddorp,06-33653782,
https://www.detelefoongids.nl/puur-voeding-en-welzijn/20665933/5-1/,Puur Voeding en Welzijn ,Millingen aan de Rijn,06-44872862,
https://www.detelefoongids.nl/previtas-dieet-en-leefstijladvies/18944970/5-1/,Previtas dieet en leefstijladvies ,Groningen,06-19891331,http://www.previtas.nl
https://www.detelefoongids.nl/propoli-gewichtsconsulente-nelie/19899840/5-1/,Propoli Gewichtsconsulente Nelie ,Katwijk zh,06-30839160,http://www.gewichtsconsulentekatwijk.nl
https://www.detelefoongids.nl/psyfood/20925944/5-1/,PsyFood ,Maastricht,06-40515174,http://www.psy-food.nl
https://www.detelefoongids.nl/yayot/45702879/5-1/,Yayot ,Eindhoven,06-53781780,http://www.yayot.com
https://www.detelefoongids.nl/your-personal-balance/19971070/5-1/,Your Personal Balance ,Amsterdam,020-6435052,http://www.yourpersonalbalance.com
https://www.detelefoongids.nl/profitt-dietetiek-lifestyle-coaching/ym00033304/5-1/,ProFitt - Diëtetiek & Lifestyle Coaching ,Lent,024-2042200,https://www.profitt.nl
https://www.detelefoongids.nl/wong-loi-sing-dietiste-olivia/14673672/5-1/,Wong Loi Sing Diëtiste Olivia ,Hilversum,035-6855796,
https://www.detelefoongids.nl/weten-eten/19685521/5-1/,Weten & Eten ,Gouda,0900-0313,
https://www.detelefoongids.nl/wijtsma-vd-kolk-dietist-j-c-m/16344545/5-1/,Wijtsma-vd Kolk Diëtist J C M ,Heemskerk,0251-247048,
https://www.detelefoongids.nl/welzijnspraktijk-vleuten/18953314/5-1/,Welzijnspraktijk Vleuten ,Vleuten,030-6705361,
https://www.detelefoongids.nl/westreenen-dietistenpraktijk-m-van/17278200/5-1/,Westreenen Diëtistenpraktijk M van ,Weert,0495-546998,http://www.dietistenpraktijkweert.nl
https://www.detelefoongids.nl/winson-nutrition-dietistenpraktijk/20191280/5-1/,Winson Nutrition Diëtistenpraktijk ,Den Haag,06-38036119,http://www.winsonnutrition.nl
https://www.detelefoongids.nl/withagen-gewichtsconsulent-karin/19175433/5-1/,Withagen Gewichtsconsulent Karin ,Helmond,06-41172601,http://www.gewichtscoachkarin.nl
https://www.detelefoongids.nl/werf-dietistenpraktijk-rob-van-der/19289109/5-1/,Werf Diëtistenpraktijk Rob van der ,Susteren,046-8504784,
https://www.detelefoongids.nl/welzijnspraktijk-valkenswaard/19574963/5-1/,Welzijnspraktijk Valkenswaard ,Valkenswaard,06-42057409,http://www.welzijnspraktijk-valkenswaard.nl
https://www.detelefoongids.nl/wellness-life-gezondheidscentrum/19287859/5-1/,Wellness-Life Gezondheidscentrum ,Den Haag,070-7577783,http://www.wellness-life.nl
https://www.detelefoongids.nl/wellness-training-center-midden-nederland/20223397/5-1/,Wellness Training Center Midden Nederland ,Nijkerk gld,033-2453786,http://www.bastdriedorp.nl
https://www.detelefoongids.nl/wellness-for-you/18945539/5-1/,Wellness for You ,Someren,06-23005162,http://www.wnfy.nl
https://www.detelefoongids.nl/wellness-and-fit/20975744/5-1/,Wellness and Fit ,Beverwijk,0251-826944,http://www.wellnessandfit.nl
https://www.detelefoongids.nl/well-n-van/16300299/5-1/,Well N van ,Sambeek,0485-577081,
https://www.detelefoongids.nl/weight4you/18844606/5-1/,Weight4You ,Amsterdam,06-28338137,http://www.weight4you.nl
https://www.detelefoongids.nl/wel-met-natasja/45602878/5-1/,Wel met Natasja ,Ospel,06-36429158,http://www.welmetnatasja.nl
https://www.detelefoongids.nl/weight-see/19969464/5-1/,Weight & See ,Rotterdam,06-41959844,http://www.weight-and-see.nl
https://www.detelefoongids.nl/wanda-hartog-gewichtsconsulent/20166470/5-1/,Wanda Hartog Gewichtsconsulent ,Landsmeer,06-53430754,http://www.wandahartog.nl
https://www.detelefoongids.nl/w-eet-beter-praktijk-v-gewichtsbeheersing-voedingsadvies/19775206/5-1/,W-eet beter Praktijk v Gewichtsbeheersing & Voedingsadvies ,Tilburg,06-52316775,http://www.w-eetbeter.nl
https://www.detelefoongids.nl/praktijk-voor-yoga-en-voeding/20286718/5-1/,Praktijk voor Yoga en Voeding ,Eindhoven,06-24430726,http://www.lindavandersanden.nl
https://www.detelefoongids.nl/rond-en-gezond-voedingspraktijk/16570882/5-1/,Rond en Gezond Voedingspraktijk ,Geulle,043-3580580,http://www.rondengezond.nl
https://www.detelefoongids.nl/wee-gewichtsconsulente-urszula-van-der/19958934/5-1/,Wee Gewichtsconsulente Urszula van der ,Riel,06-20593051,http://www.jouwkilootje.nl
https://www.detelefoongids.nl/vrind-p-c-de/13034902/5-1/,Vrind P C de ,Capelle aan den IJssel,010-4519992,
https://www.detelefoongids.nl/voortaan-slank/21316036/5-1/,Voortaan Slank ,Dordrecht,06-30925396,http://www.voortaanslank.nl
https://www.detelefoongids.nl/perfectpower/20308091/5-1/,Perfectpower ,Bergen op Zoom,06-24718103,https://www.perfectpower.nl
https://www.detelefoongids.nl/pijlman-nijenberg-dietiste-mw-th-w/17975105/5-1/,Pijlman-Nijenberg Diëtiste Mw Th W ,Utrecht,030-2516025,http://www.pijlman.net
https://www.detelefoongids.nl/pit-dietistenpraktijk/20037250/5-1/,Pit Diëtistenpraktijk ,Steenbergen nb,06-57577224,http://www.dietistenpraktijk-pit.nl
https://www.detelefoongids.nl/peter-van-berkel-gewichtsconsulent/20436414/5-1/,Peter van Berkel Gewichtsconsulent ,Vught,06-38222241,
https://www.detelefoongids.nl/pindakaat/45505947/5-1/,Pindakaat ,Hilversum,06-43082128,http://www.pindakaat.nl
https://www.detelefoongids.nl/penders-ria/21411286/5-1/,Penders Ria ,Heiloo,072-5336673,
https://www.detelefoongids.nl/plan4health/19890653/5-1/,Plan4health ,Putte,06-12155245,http://www.plan4health.nl
https://www.detelefoongids.nl/plas-gewichtsconsulentepraktijk-margreet-van-der/17451404/5-1/,Plas Gewichtsconsulentepraktijk Margreet van der ,Heemskerk,0251-822856,http://www.gewichtsconsulenteheemskerk.nl
https://www.detelefoongids.nl/pavoise/45350505/5-1/,Pavoisé ,Amsterdam,06-82955184,
https://www.detelefoongids.nl/pabis-health/19298438/5-1/,Pabis Health ,Houten,06-27972435,http://www.pabishealth.nl
https://www.detelefoongids.nl/ouden-dietist-gerda-den/18741924/5-1/,Ouden Diëtist Gerda den ,Harderwijk,0341-420169,
https://www.detelefoongids.nl/passiebloem-dietistenpraktijk-de/19958256/5-1/,Passiebloem Diëtistenpraktijk De ,Molenhoek lb,024-7370199,http://www.milouvugts-dietist.nl
https://www.detelefoongids.nl/orthobalance/19997942/5-1/,Orthobalance ,Havelte,06-29123054,http://www.ortho-balance.nl
https://www.detelefoongids.nl/owel-maggy/19872071/5-1/,Owel Maggy ,Enschede,053-4318950,
https://www.detelefoongids.nl/orthomoleculaire-dietistenpraktijk-corinne-pool/45517303/5-1/,Orthomoleculaire Diëtistenpraktijk Corinne Pool ,Castricum,06-11706655,http://www.corinnepool.nl
https://www.detelefoongids.nl/op-dreef-dietistenpraktijk/20073671/5-1/,Op Dreef diëtistenpraktijk ,Utrecht,06-42448781,http://www.dietistopdreef.nl
https://www.detelefoongids.nl/onafhankelijk-herbalife-distributeur-esther-ketelaar/19247494/5-1/,Onafhankelijk Herbalife Distributeur - Esther Ketelaar ,Utrecht,06-22512442,http://www.theessenceofnature.nl
https://www.detelefoongids.nl/onafhankelijk-herbalife-member-mijn-topfit-totaalplan/20679880/5-1/,Onafhankelijk Herbalife Member - Mijn Topfit Totaalplan ,Maasdam,06-50843341,http://www.hblifestyle.nl
https://www.detelefoongids.nl/nutri-sana-voedingsadviesbureau/18473251/5-1/,Nutri-Sana Voedingsadviesbureau ,Limmen,06-20774942,http://www.nutri-sana.nl
https://www.detelefoongids.nl/olijf-voedingsadvies/20287554/5-1/,Olijf Voedingsadvies ,Odijk,030-8506335,http://www.olijfvoedingsadvies.nl
https://www.detelefoongids.nl/nutrivitaal/18139391/5-1/,NutriVitaal ,Zoetermeer,06-48889090,http://www.nutrivitaal.nl
https://www.detelefoongids.nl/dietisten-gewichtsconsulenten-en-voedingsdeskundigen/4-1/,Dietist,Nederland,010-4264912,
https://www.detelefoongids.nl/nutri-help/17753454/5-1/,Nutri-Help ,Enkhuizen,06-43087650,http://www.nutri-help.nl
https://www.detelefoongids.nl/oerrijkleven/18838517/5-1/,Oerrijkleven ,Haarlem,06-11399235,http://www.oerrijkleven.nl
https://www.detelefoongids.nl/niwik-dietisten/19317519/5-1/,Niwik diëtisten ,Leidschendam,070-3271035,http://www.niwik.nl
https://www.detelefoongids.nl/nutri-sense/18800834/5-1/,Nutri Sense ,Amersfoort,033-4655622,http://www.nutrisense.nl
https://www.detelefoongids.nl/nugezond/18869998/5-1/,NuGezond ,Hardenberg,06-51514450,
https://www.detelefoongids.nl/nijskens-kleinen-dietiste-j-h-m-g/19055589/5-1/,Nijskens-Kleinen Diëtiste J H M G ,Hoensbroek,045-5222255,http://www.dietistparkstad.nl
https://www.detelefoongids.nl/notenboom-praktijk-voeding-gewichtsadvies-nicole/19478055/5-1/,Notenboom Praktijk Voeding & Gewichtsadvies Nicole ,Udenhout,06-40584689,
https://www.detelefoongids.nl/npc-consultants-dietistenpraktijk/19346436/5-1/,NPC Consultants Diëtistenpraktijk ,IJsselsteut,030-6887275,
https://www.detelefoongids.nl/nieuweten-dietistenpraktijk/20002329/5-1/,Nieuweten Diëtistenpraktijk ,Ruurlo,06-12896411,http://www.nieuweten.nl
https://www.detelefoongids.nl/nieuwland-dietistenpraktijk/14088859/5-1/,Nieuwland Diëtistenpraktijk ,Amersfoort,033-4557818,
https://www.detelefoongids.nl/nice-gewichtsconsulenten/20214081/5-1/,Nice Gewichtsconsulenten ,Roosendaal,06-48391389,http://www.nicegewicht.nl
https://www.detelefoongids.nl/novashops/ym00009608/5-1/,Novashops ,Roermond,0475-769145,https://www.novashops.com
https://www.detelefoongids.nl/novashops/ym00009386/5-1/,Novashops ,Roermond,0475-769145,http://www.novashops.com
https://www.detelefoongids.nl/nienke-drost-praktijk-voor-kinder-dietetiek/19184416/5-1/,Nienke Drost Praktijk voor Kinder-diëtetiek ,Diepenveen,06-21104174,http://www.kinder-dietist.nl
https://www.detelefoongids.nl/new-life-dietistenpraktijk/19974427/5-1/,New Life Diëtistenpraktijk ,Arnhem,06-18094249,
https://www.detelefoongids.nl/new-balanz/20770738/5-1/,New Balanz ,Nuenen,06-31042597,http://www.newbalanz.nl
https://www.detelefoongids.nl/nutrifit-dietistenpraktijk/196964690050/5-1/,NutriFit Diëtistenpraktijk ,Schiedam,06-40683804,http://www.nutrifit.nl
https://www.detelefoongids.nl/nettie-moens-herbalife/18699173/5-1/,Nettie Moens Herbalife ,Middelburg,0118-612039,http://www.jouwvitaliteit.nl
https://www.detelefoongids.nl/nutrifit-dietistenpraktijk/196964690070/5-1/,NutriFit Diëtistenpraktijk ,Vlaardingen,06-40683804,http://www.nutrifit.nl
https://www.detelefoongids.nl/nijland-praktijk-voor-voeding-en-dieet-joke/19298929/5-1/,Nijland Praktijk voor Voeding en Dieet Joke ,Hulshorst,06-22997214,http://www.jokenijland.nl
https://www.detelefoongids.nl/nutrifit-dietistenpraktijk/196964690010/5-1/,NutriFit Diëtistenpraktijk ,Schiedam,010-4264912,http://www.nutrifit.nl
https://www.detelefoongids.nl/nestle-healthcare-nutrition/18727922/5-1/,Nestle HealthCare Nutrition ,Oosterhout nb,0162-468488,
https://www.detelefoongids.nl/natuurgeneeskundig-gewichtsconsulent-m-hellenbrand/19288901/5-1/,Natuurgeneeskundig gewichtsconsulent M Hellenbrand ,Sittard,046-4526073,
https://www.detelefoongids.nl/natuurlijkaantafel-nl/21366832/5-1/,NatuurlijkaanTafel.nl ,Laren nh,06-18203326,http://www.natuurlijkaantafel.nl
https://www.detelefoongids.nl/natuurlijk-fit-gezond/45799392/5-1/,NATUURLIJK FIT & GEZOND ,Cromvoirt,06-53334472,
https://www.detelefoongids.nl/dietisten-gewichtsconsulenten-en-voedingsdeskundigen/4-1/,Dietist,Nederland,06-19626961,
https://www.detelefoongids.nl/natuur-op-tafel/45450027/5-1/,Natuur op tafel ,Ouderkerk aan den IJssel,06-24414271,
https://www.detelefoongids.nl/my-lifeslim-nijverdal/ym00004394/5-1/,My-LifeSlim Nijverdal ,Nijverdal,06-58777019,http://www.mylifeslimnijverdal-afvallen.nl
https://www.detelefoongids.nl/my-life-slim-afslankinstituut/20150561/5-1/,My-Life Slim Afslankinstituut ,America,06-22020908,
https://www.detelefoongids.nl/voedingsadvies-broer/21275433/5-1/,Voedingsadvies Broer ,Rotterdam,06-28038753,http://www.voedingsadviesbroer.nl
https://www.detelefoongids.nl/voedings-id/20088356/5-1/,Voedings Id ,Utrecht,06-34402486,http://www.voedingsid.nl
https://www.detelefoongids.nl/my-healthy-lifestyle/45523103/5-1/,My Healthy Lifestyle ,Alphen aan den Rijn,06-21250464,http://www.myhealthylifesyle.me
https://www.detelefoongids.nl/musclenutrition/19289599/5-1/,MuscleNutrition ,Hellevoetsluis,06-27072715,http://www.musclenutrition.nl
https://www.detelefoongids.nl/voedingsadvies-groningen/18697556/5-1/,Voedingsadvies Groningen ,Groningen,050-8505844,http://www.voedingsadviesgroningen.nl
https://www.detelefoongids.nl/voedings-en-gewichtsconsulent-anja-kalkhoven/19957587/5-1/,Voedings- en Gewichtsconsulent Anja Kalkhoven ,Capelle aan den IJssel,010-2023843,http://www.gewichtsconsulentanjakalkhoven.nl
https://www.detelefoongids.nl/voedings-en-gewichtscoach-petra-bokma/21353125/5-1/,Voedings- en Gewichtscoach Petra Bokma ,St Nicolaasga,06-30684539,
https://www.detelefoongids.nl/voedingsadvies-looman/ym00005701/5-1/,Voedingsadvies Looman ,Oss,0412-250025,https://voedingsadvieslooman.nl
https://www.detelefoongids.nl/voeding-van-nature/45626867/5-1/,Voeding van Nature ,Dalfsen,06-54265758,http://www.voedingvannature.nl
https://www.detelefoongids.nl/voeding-en-zo/19110959/5-1/,Voeding en Zo ,Doesburg,06-41315321,http://www.voedingenzo.nl
https://www.detelefoongids.nl/voeding-weert/17866104/5-1/,Voeding Weert ,Weert,0495-522211,http://www.voedingweert.nl
https://www.detelefoongids.nl/voeding-en-fitness-nl/ym00021194/5-1/,Voeding-en-fitness.nl ,Harderwijk,06-36308340,https://voeding-en-fitness.nl
https://www.detelefoongids.nl/voeding-en-gewicht-praktijk-voor/19487130/5-1/,Voeding en Gewicht Praktijk voor ,Landgraaf,045-5323307,
https://www.detelefoongids.nl/voeding-leefstijl-praktijk-voor/19032371/5-1/,Voeding & Leefstijl Praktijk voor ,Rotterdam,06-24210025,http://www.voedingenleefstijl.nl
https://www.detelefoongids.nl/voeding-zo-rotterdam/18001183/5-1/,Voeding & Zo Rotterdam ,Rotterdam,06-13257061,http://www.voeding-enzo.nl
https://www.detelefoongids.nl/voeding-op-maat/19288390/5-1/,Voeding op Maat ,Heiloo,06-23944882,http://www.voeding-op-maat.nl
https://www.detelefoongids.nl/voedietist-de-dietistenpraktijk-alphen-aan-den-rijn/19992403/5-1/,Voedietist De - Diëtistenpraktijk Alphen aan den Rijn ,Alphen aan den Rijn,06-40023439,
https://www.detelefoongids.nl/natuurlijk-bij-kaat/201714140025/5-1/,Natuurlijk Bij Kaat ,Boxmeer,06-19626961,http://www.natuurlijkbijkaat.nl
https://www.detelefoongids.nl/natuurlijk-bij-kaat/201714140020/5-1/,Natuurlijk Bij Kaat ,Gennep,06-19626961,
https://www.detelefoongids.nl/natuurlijk-bij-kaat/201714140010/5-1/,Natuurlijk Bij Kaat ,Grave,06-19626961,
https://www.detelefoongids.nl/voeding-en-dieet-echt-susteren/18233306/5-1/,Voeding en Dieet Echt-Susteren ,Echt,0475-470333,
https://www.detelefoongids.nl/voeding-en-beauty/19474740/5-1/,Voeding en Beauty ,Wilp,06-23166583,
https://www.detelefoongids.nl/voedietist-dietistenpraktijk-de/19992411/5-1/,Voedietist Diëtistenpraktijk de ,Schoonhoven,06-40023439,
https://www.detelefoongids.nl/voedietist-dietistenpraktijk-de/19200740/5-1/,Voedietist Diëtistenpraktijk De ,Moordrecht,06-40023439,
https://www.detelefoongids.nl/vie-voeding-in-evenwicht/18977297/5-1/,Vie Voeding in Evenwicht ,Voorburg,06-47317793,http://www.viedietist.nl
https://www.detelefoongids.nl/voedietist-de/19662750/5-1/,Voedietist De ,Alphen aan den Rijn,0172-444893,
https://www.detelefoongids.nl/via-katerina/45459820/5-1/,Via Katerina ,Haarlem,06-55971437,http://www.viakaterina.nl
https://www.detelefoongids.nl/vialente/19298969/5-1/,Vialente ,Amsterdam,088-4253683,http://www.vialente.nl
https://www.detelefoongids.nl/vie-voeding-in-evenwicht/19656610/5-1/,VIE Voeding in Evenwicht ,Den Haag,06-13928606,http://www.viedietist.nl
https://www.detelefoongids.nl/vie-voeding-in-evenwicht/18977293/5-1/,Vie Voeding in Evenwicht ,Den Haag,070-3351813,
https://www.detelefoongids.nl/vie-voeding-in-evenwicht/18977301/5-1/,VIE Voeding in Evenwicht ,Den Haag,06-13928606,http://www.viedietist.nl
https://www.detelefoongids.nl/vie-voeding-in-evenwicht/19299982/5-1/,VIE Voeding in Evenwicht ,Den Haag,06-29605024,
https://www.detelefoongids.nl/verian/19286654/5-1/,Verian ,Heerde,088-1263364,http://www.verian.nl
https://www.detelefoongids.nl/verzuu-voedingsconsulent-susanne/19974798/5-1/,Verzuu Voedingsconsulent Susanne ,Amsterdam,06-24707002,
https://www.detelefoongids.nl/vegt-voor-je-gewicht/20269704/5-1/,Vegt voor je gewicht ,Mijdrecht,0297-776669,http://www.vegtvoorjegewicht.nl
https://www.detelefoongids.nl/veen-roelofs-dietistepraktijk-jose/17499199/5-1/,Veen Roelofs Diëtistepraktijk José ,Kerkdriel,0418-633041,
https://www.detelefoongids.nl/vandaag-voeding-en-welzijnspraktijk-t-gooi/20199299/5-1/,VANDAAG voeding- en welzijnspraktijk 't Gooi ,Hilversum,06-19462060,
https://www.detelefoongids.nl/van-der-sluis-voeding/ym00015553/5-1/,Van Der Sluis Voeding ,Roermond,06-53615240,https://www.vandersluisvoeding.nl
https://www.detelefoongids.nl/van-der-sluis-voeding/ym00015554/5-1/,Van Der Sluis Voeding ,Roermond,06-51443792,http://www.vandersluisvoeding.nl
https://www.detelefoongids.nl/vgvitaal/45544397/5-1/,VGVitaal ,Hoensbroek,06-12507240,http://www.vgvitaal.nl
https://www.detelefoongids.nl/van-der-bent-voedingsadvies/18705828/5-1/,Van der Bent Voedingsadvies ,Wieringerwerf,06-20974302,http://www.verantwoord-eten.nl
https://www.detelefoongids.nl/van-dam-voedings-en-dieetadvies/17070009/5-1/,van Dam voedings- en dieetadvies ,Zwolle,038-4652413,http://www.vandamvoedingsadvies.nl
https://www.detelefoongids.nl/van-asselt-dietistenpraktijk/17249212/5-1/,Van Asselt Dietistenpraktijk ,Coevorden,06-22104619,http://www.dietistvanasselt.nl
https://www.detelefoongids.nl/vaessen-voedingsadvies/19288640/5-1/,Vaessen Voedingsadvies ,Schinnen,06-53819906,http://www.vaessenvoedingsadvies.nl
https://www.detelefoongids.nl/update-yourself/ym00014258/5-1/,Update Yourself ,Almere,0320-417025,https://www.updateyourself.nl
https://www.detelefoongids.nl/valk-wilma/18263921/5-1/,Valk Wilma ,Lemelerveld,0572-372631,
https://www.detelefoongids.nl/update-yourself/ym00008448/5-1/,Update Yourself ,Lelystad,0320-417025,https://www.updateyourself.nl
https://www.detelefoongids.nl/update-yourself/ym00006801/5-1/,Update Yourself ,Dronten,0320-417025,https://www.updateyourself.nl
https://www.detelefoongids.nl/uniek-smaakvol/ym00021313/5-1/,Uniek & Smaakvol ,Tilburg,06-55887633,http://www.uniekensmaakvol.nl
https://www.detelefoongids.nl/uniek-smaakvol/ym00021316/5-1/,Uniek & Smaakvol ,Boxtel,06-55887633,http://www.uniekensmaakvol.nl
https://www.detelefoongids.nl/uniek-smaakvol/ym00021315/5-1/,Uniek & Smaakvol ,Boxtel,06-55887633,http://www.uniekensmaakvol.nl
https://www.detelefoongids.nl/uniek-smaakvol/ym00021312/5-1/,Uniek & Smaakvol ,Berkel-Enschot,06-55887633,http://www.uniekensmaakvol.nl
https://www.detelefoongids.nl/uniek-in-vorm-voedingscoach-ida/45648898/5-1/,"Uniek in Vorm, voedingscoach Ida ",Sneek,06-24362740,http://www.uniekinvorm.nl
https://www.detelefoongids.nl/update-yourself/ym00006798/5-1/,Update Yourself ,Dronten,0320-417025,https://www.updateyourself.nl
https://www.detelefoongids.nl/uit-de-weerd-noordermeer-a-a-f/20151827/5-1/,Uit de Weerd-Noordermeer A A F ,Brummen,0575-563809,
https://www.detelefoongids.nl/uit-balans-in-balans/12602244/5-1/,UIT balans-IN balans ,Bergen nh,072-5897856,
https://www.detelefoongids.nl/totalshape4you-nl/18840667/5-1/,Totalshape4you.nl ,Melissant,06-30964326,http://www.totalshape4you.nl
https://www.detelefoongids.nl/totally4you/ym00026446/5-1/,Totally4you ,Sliedrecht,06-30537743,http://www.totally4you.nl
https://www.detelefoongids.nl/tppr-health-performance-vof/21371992/5-1/,TPPR Health & Performance VOF ,Houten,030-8886546,http://www.tppr.nl
https://www.detelefoongids.nl/uniek-smaakvol/ym00021317/5-1/,Uniek & Smaakvol ,Tilburg,06-55887633,http://www.uniekensmaakvol.nl
https://www.detelefoongids.nl/u-benefit/ym00033994/5-1/,U-benefit ,Landgraaf,06-57703561,http://www.u-benefit.nl
https://www.detelefoongids.nl/tpsante-vitaliteits-praktijk/19676320/5-1/,TPSANTÉ vitaliteits praktijk ,Beesel,06-10215489,http://www.tpsante.nl
https://www.detelefoongids.nl/trutchka-dietistenpraktijk/18998213/5-1/,Trutchka Diëtistenpraktijk ,Amsterdam,020-6691718,http://www.dietistenpraktijktrutchka.nl
https://www.detelefoongids.nl/total-weight-4-you/20285250/5-1/,Total Weight 4 You ,Bunschoten-Spakenburg,06-22093346,http://www.totalweight4you.nl
https://www.detelefoongids.nl/topnutrition/20127031/5-1/,TopNutrition ,Zwaag,06-12839404,
https://www.detelefoongids.nl/total-body-care/14292478/5-1/,Total Body Care ,Ulft,0315-326801,
https://www.detelefoongids.nl/tilburg-p-t-van/10215676/5-1/,Tilburg P T van ,Hilvarenbeek,013-5056234,
https://www.detelefoongids.nl/thinking-outside-your-borders/exd-00135406/5-1/,Thinking outside your borders ,Diemen,06-13027133,http://www.thinkingoutsideyourborders.com
https://www.detelefoongids.nl/the-body-practice/45338030/5-1/,The Body Practice ,Den Bosch,06-12832582,http://www.thebodypractice.nl
https://www.detelefoongids.nl/tefco-food-ingredients-bv/19827630/5-1/,Tefco Food Ingredients BV ,Bodegraven,0172-650018,
https://www.detelefoongids.nl/te-klein-voor-je-lichaam-renate-spooremakers-gewichtscons/21027298/5-1/,Te klein voor je lichaam? - Renate  Spooremakers Gewichtscons ,Roermond,06-25205250,http://www.tekleinvoorjelichaam.nl
https://www.detelefoongids.nl/tammenga-dietistenpraktijk-grietje/16564840/5-1/,Tammenga Diëtistenpraktijk Grietje ,Veenendaal,0318-655804,
https://www.detelefoongids.nl/tal-dietistenpraktijk-l/17186437/5-1/,Tal Diëtistenpraktijk L ,Amstelveen,020-4418701,
https://www.detelefoongids.nl/sylvia-van-willigen-gewichtsconsul-en-life-coach/21254435/5-1/,"Sylvia van Willigen, Gewichtsconsul. en Life Coach ",Hardinxveld Giessendam,06-40826088,http://Www.sylviavanwilligen.nl
https://www.detelefoongids.nl/voedenderwijs/20780840/5-1/,Voedenderwijs ,Tricht,06-17398299,http://www.voedenderwijs.nl
https://www.detelefoongids.nl/dietisten-gewichtsconsulenten-en-voedingsdeskundigen/4-1/,Dietist,Nederland,0172-722099,
https://www.detelefoongids.nl/vodiservice/20176278/5-1/,VodiService ,Zoetermeer,06-42237326,http://www.vodiservice.nl
https://www.detelefoongids.nl/vivo-health/20947975/5-1/,Vivo Health ,Laren nh,06-24673124,http://www.vivohealth.nl
https://www.detelefoongids.nl/vlieg-melse-allergiedietisten/17958893/5-1/,Vlieg & Melse Allergiediëtisten ,Arnhem,026-4464677,http://www.allergie-envoeding.nl
https://www.detelefoongids.nl/vitavorm-voedings-en-bewegingsadvies/19685456/5-1/,VitaVorm Voedings- en Bewegingsadvies ,Oss,06-47873227,http://www.vita-vorm.nl
https://www.detelefoongids.nl/vitalqare/45492471/5-1/,VitalQare ,Wijchen,06-22311157,http://www.vitalqare.nl
https://www.detelefoongids.nl/vitalkinese-dietist/15360915/5-1/,Vitalkinese Diëtist ,Oosterhout nb,0162-430145,
https://www.detelefoongids.nl/vivere-voor-gezonde-voeding-en-leefstijl/19287940/5-1/,Vivere voor Gezonde Voeding en Leefstijl ,Schimmert,06-18502996,
https://www.detelefoongids.nl/viva-libra-gewichtsbeheersing/21420859/5-1/,Viva libra gewichtsbeheersing ,Rhoon,06-24680448,
https://www.detelefoongids.nl/vitae-voedingsadviesbureau/19294876/5-1/,Vitae Voedingsadviesbureau ,Naaldwijk,06-12392986,http://www.vitaevoeding.nl
https://www.detelefoongids.nl/vitalie-gezondheidscoaching/20176049/5-1/,Vitalie Gezondheidscoaching ,Wageningen,06-46081992,
https://www.detelefoongids.nl/vitaalpraktijk-breda/21165131/5-1/,Vitaalpraktijk Breda ,Breda,06-39663131,http://www.vitaalpraktijkbreda.nl
https://www.detelefoongids.nl/vitaliteitscoach-dietist-caroline-slikker/20951435/5-1/,Vitaliteitscoach & Diëtist Caroline Slikker ,Nieuw-Vennep,06-55191273,http://www.carolineslikker.nl
https://www.detelefoongids.nl/vitalique-voedingsadviesbureau/19298462/5-1/,Vitalique Voedingsadviesbureau ,Den Haag,06-19181651,
https://www.detelefoongids.nl/vitality/18242348/5-1/,Vitality ,Molenhoek lb,024-3584177,http://www.vitality-jg.nl
https://www.detelefoongids.nl/vivenda-voedingsbureau/13101396/5-1/,Vivenda Voedingsbureau ,Groningen,050-3184664,http://www.vivendavoedingsbureau.nl
https://www.detelefoongids.nl/vitalisage-nl-eiwitdieetspecialist/20776887/5-1/,Vitalisage.nl Eiwitdieetspecialist ,Zoetermeer,06-52346851,http://www.eiwitdieet-online.nl
https://www.detelefoongids.nl/vitaaljetijd/20224728/5-1/,Vitaaljetijd ,Heemstede,06-17009302,http://www.vitaaljetijd.nl
https://www.detelefoongids.nl/vitaal050/ym00010459/5-1/,Vitaal050 ,Groningen,06-46353377,http://www.vitaal050.nl
https://www.detelefoongids.nl/vodiservice/21026035/5-1/,VodiService ,Moerkapelle,06-31247156,
https://www.detelefoongids.nl/vitaal-maas-waal/19961305/5-1/,VITAAL Maas & Waal ,Maasbommel,06-55161097,http://www.vitaalmaasenwaal.nl
https://www.detelefoongids.nl/vodiservice/21026023/5-1/,VodiService ,Alphen aan den Rijn,0172-722099,
https://www.detelefoongids.nl/vodiservice/21026028/5-1/,VodiService ,Utrecht,06-44314252,
https://www.detelefoongids.nl/vitaal-dietistenpraktijk/19017502/5-1/,Vitaal Diëtistenpraktijk ,Den Haag,06-15900653,
https://www.detelefoongids.nl/visser-gewichtsconsulent-renske/20260025/5-1/,Visser Gewichtsconsulent Renske ,Alkmaar,06-42119505,http://www.afvallen-alkmaar.nl
https://www.detelefoongids.nl/strak-plan/21113548/5-1/,Strak Plan ,Borculo,06-15691244,http://www.strak-plan.com
https://www.detelefoongids.nl/visser-dietiste-en-voedingsdeskundige-anneleen/19903336/5-1/,Visser Diëtiste en Voedingsdeskundige Anneleen ,Doetinchem,0314-765125,http://www.anneleendietiste.nl
https://www.detelefoongids.nl/vip-voeding-in-praktijk-saskia-van-ginneken/20287935/5-1/,VIP Voeding in Praktijk Saskia van Ginneken ,Etten-Leur,06-28477210,http://www.voedinginpraktijk.nl
https://www.detelefoongids.nl/strien-j-a-van/16631872/5-1/,Strien J A van ,Hurdegaryp,0511-471358,
https://www.detelefoongids.nl/stoarm-realiseert/19286044/5-1/,Stoarm Realiseert ,Delft,06-54942427,
https://www.detelefoongids.nl/stevens-dietistenpraktijk-gerrie/13946747/5-1/,Stevens Diëtistenpraktijk Gerrie ,Budel,0495-499961,
https://www.detelefoongids.nl/sterdi-tisten/19719416/5-1/,Sterdi?tisten ,Drachten,0512-840037,http://www.sterdietisten.nl
https://www.detelefoongids.nl/stolk-a/13910717/5-1/,Stolk A ,Leiden,071-5126227,
https://www.detelefoongids.nl/steenstra-de-vries-dietetiek/20396554/5-1/,Steenstra & De Vries Diëtetiek ,Amsterdam,06-10323236,
https://www.detelefoongids.nl/stap-gericht-naar-gezond-gewicht/20349203/5-1/,Stap gericht naar gezond gewicht ,Pijnacker,06-42146558,http://www.stapgerichtnaargezondgewicht.nl
https://www.detelefoongids.nl/steengoed-gewicht/20780380/5-1/,Steengoed Gewicht ,Son en Breugel,06-42037368,http://www.steengoedgewicht.nl
https://www.detelefoongids.nl/start-healthy-today/45571572/5-1/,Start Healthy Today ,Alkmaar,06-30290772,http://starthealthytoday.nl
https://www.detelefoongids.nl/social-media-ondernemer-in-biohacking/18820368/5-1/,Social Media ondernemer in Biohacking ,Harderwijk,06-20442150,http://www.edithdezeeuw.nl
https://www.detelefoongids.nl/smiling-body/20681788/5-1/,Smiling Body ,Delfzijl,06-49219332,http://www.smilingbody.nl
https://www.detelefoongids.nl/smaak-dietistenpraktijk-met/20266628/5-1/,Smaak Dietistenpraktijk Met ,Nieuwe Niedorp,06-14741595,
https://www.detelefoongids.nl/smit-dietist-lia/18464981/5-1/,Smit Diëtist Lia ,Velserbroek,023-5373369,
https://www.detelefoongids.nl/smart-diet/18794111/5-1/,Smart Diet ,Lelystad,0320-841374,http://www.smart-diet.nl
https://www.detelefoongids.nl/smit-dietistenpraktijk-caroline-de/19872804/5-1/,Smit Diëtistenpraktijk Caroline de ,Oegstgeest,06-10187245,
https://www.detelefoongids.nl/stephanie-dietist-personal-trainer/20232492/5-1/,Stephanie Diëtist & Personal Trainer ,Nijmegen,06-21802387,http://www.stephaniepersonaltraining.nl
https://www.detelefoongids.nl/sportvoeding-wormerveer/20113955/5-1/,Sportvoeding Wormerveer ,Wormerveer,06-45227781,http://www.sportvoeding-wormerveer.nl
https://www.detelefoongids.nl/sonke-dietistenpraktijk-ilona/19095305/5-1/,Sonke Diëtistenpraktijk Ilona ,Goes,06-15893950,http://www.ilonasonke.nl
https://www.detelefoongids.nl/sluis-voedings-dieetadvies-grietje-van-der/19964578/5-1/,Sluis Voedings- & Dieetadvies Grietje van der ,Tzum,06-11419998,http://www.grietjevandersluis.nl
https://www.detelefoongids.nl/slim-slanker-hoogezand-afslankbegeleiding/45879531/5-1/,"Slim Slanker Hoogezand, afslankbegeleiding ",Hoogezand,06-28082841,
https://www.detelefoongids.nl/slim-op-gewicht/45443061/5-1/,Slim op Gewicht ,Dongen,06-22462620,
https://www.detelefoongids.nl/lueks-coaching/45493636/5-1/,Lueks Coaching ,Wageningen,06-12792864,http://www.luekscoaching.nl
https://www.detelefoongids.nl/loenen-m/18839683/5-1/,Loenen M ,Almere,036-8443872,http://www.dieet-balans.nl
https://www.detelefoongids.nl/linda-van-loon-advies/21045625/5-1/,Linda van Loon Advies ,Den Bosch,06-10676051,http://www.lindavanloon.nl
https://www.detelefoongids.nl/linda-ekelschot-natuurvoedingskundige/21200340/5-1/,Linda Ekelschot Natuurvoedingskundige ,Almere,06-13544955,http://www.ekelschotvoeding.nl
https://www.detelefoongids.nl/linda-broekhuijse-dietistenpraktijk/19093599/5-1/,Linda Broekhuijse Diëtistenpraktijk ,Den Bosch,06-10814240,http://www.dietistengelen.nl
https://www.detelefoongids.nl/dietisten-gewichtsconsulenten-en-voedingsdeskundigen/4-1/,Dietist,Nederland,06-29474739,
https://www.detelefoongids.nl/lijf-in-balance/19480587/5-1/,Lijf in Balance ,Baarn,06-39124248,
https://www.detelefoongids.nl/lijfstijl-dietisten/20114005/5-1/,Lijfstijl Diëtisten ,Naaldwijk,06-19181651,http://www.lijfstijldietisten.nl
https://www.detelefoongids.nl/lief-lijf/45575079/5-1/,Lief Lijf ,Born,06-81804565,
https://www.detelefoongids.nl/life-change-benelux/19686104/5-1/,Life Change Benelux ,Eemnes,035-8883617,http://www.life2change.com
https://www.detelefoongids.nl/lijn14/21291673/5-1/,lijn14 ,Deinum,06-12610137,http://www.lijn14.nl
https://www.detelefoongids.nl/lia-smit-dietist/18562894/5-1/,Lia Smit Diëtist ,Velserbroek,023-5373369,
https://www.detelefoongids.nl/light-consult-gewichtsconsulenten-praktijk/19131736/5-1/,Light Consult Gewichtsconsulenten Praktijk ,Zaandam,06-27311076,http://www.lightconsult.nl
https://www.detelefoongids.nl/leven/18396056/5-1/,Leven ,Den Haag,070-3040640,http://www.leven.is
https://www.detelefoongids.nl/lekkergewoonkim/45905520/5-1/,Lekkergewoonkim ,Kraggenburg,06-23279127,http://www.lekkergewoonkim.nl
https://www.detelefoongids.nl/leiderdorp-gezond/20751459/5-1/,Leiderdorp Gezond ,Leiderdorp,06-46187732,http://www.leiderdorpgezond.nl
https://www.detelefoongids.nl/leonie-oldemaat/45625433/5-1/,Leonie Oldemaat ,Nieuw-Heeten,06-81496212,http://www.leonieoldemaat.nl
https://www.detelefoongids.nl/lekkerfit-voedings-en-dieetadvies/18985434/5-1/,LekkerFit Voedings- en dieetadvies ,Hazerswoude-Rijndijk,06-57337242,
https://www.detelefoongids.nl/leev-voeding-en-coaching/20780408/5-1/,Leev voeding en coaching ,Oudewater,06-46341117,http://www.leevcoaching.nl
https://www.detelefoongids.nl/lekker-energiek/19266889/5-1/,Lekker Energiek ,Lochem,06-13990215,http://www.lekkerenergiek.nl
https://www.detelefoongids.nl/lenneke-leenheer-voedingsadviesbureau/20986571/5-1/,Lenneke Leenheer Voedingsadviesbureau ,Rotterdam,06-46524699,http://www.lennekeleenheer.nl
https://www.detelefoongids.nl/leefstijlcoachsneek/45911571/5-1/,leefstijlcoachsneek ,Sneek,06-10141703,http://www.leefstijlcoachsneek.nl
https://www.detelefoongids.nl/praktijk-voor-natuurvoeding/20037354/5-1/,Praktijk voor Natuurvoeding ,Uden,06-12364661,http://www.natuuropjebord.nl
https://www.detelefoongids.nl/leefstijlcoaching-parkstad/20979434/5-1/,LeefstijlCoaching Parkstad ,Simpelveld,06-20602913,http://www.lcparkstad.wix.com/lcparkstad
https://www.detelefoongids.nl/praktijk-voor-voedings-en-dieetadvies/17049643/5-1/,Praktijk voor Voedings- en Dieetadvies ,Nieuwleusen,0529-480790,http://www.westermandieetadvies.nl
https://www.detelefoongids.nl/praktijk-voor-voeding-en-leefstijl-ilze-duijn/19668620/5-1/,Praktijk voor Voeding en Leefstijl Ilze Duijn ,Kampen,06-19995138,
https://www.detelefoongids.nl/praktijk-voor-voeding-en-lifestyle-coaching/18162952/5-1/,Praktijk voor Voeding en Lifestyle Coaching ,Eindhoven,040-7850290,http://www.praktijkvoorvoeding.nl
https://www.detelefoongids.nl/praktijk-voor-voeding-dieetbegeleiding/19299010/5-1/,Praktijk voor Voeding & Dieetbegeleiding ,Deurne,06-38309296,http://www.voedjesport.nl
https://www.detelefoongids.nl/praktijk-voor-natuurvoedingsgeneeskunde/45803313/5-1/,Praktijk voor Natuurvoedingsgeneeskunde ,Groningen,06-11168234,http://www.natuurvoedingsgeneeskunde.nl
https://www.detelefoongids.nl/praktijk-natuurlijk-vitaal/45487047/5-1/,Praktijk Natuurlijk Vitaal ,Oldenzaal,06-11255890,http://www.praktijknatuurlijkvitaal.nl
https://www.detelefoongids.nl/praktijk-voor-dieetadvies-orthomoleculaire-voeding/14902331/5-1/,Praktijk voor Dieetadvies & Orthomoleculaire Voeding ,Olst,0570-561008,
https://www.detelefoongids.nl/praktijk-n-snijders-zoeteman/19709287/5-1/,Praktijk N Snijders-Zoeteman ,St Willebrord,0165-386158,
https://www.detelefoongids.nl/praktijk-tanja-meijers/17275214/5-1/,Praktijk Tanja Meijers ,Nieuw-Vennep,06-55796240,http://www.dpgetsewoud.nl
https://www.detelefoongids.nl/liere-voedings-en-dieetadvies-femke-van/18780151/5-1/,Liere Voedings- en Dieetadvies Femke van ,Rotterdam,06-29474739,http://www.femkevanliere.nl
https://www.detelefoongids.nl/praktijk-de-groenling/20116206/5-1/,Praktijk De Groenling ,Krimpen aan den IJssel,06-25524787,http://www.gezondenbewustleven.nu
https://www.detelefoongids.nl/praktijk-jura/20213642/5-1/,Praktijk Jura ,Alblasserdam,06-12264395,
https://www.detelefoongids.nl/praktijk-m8-dietist-mirjam-achtereekte/exd-00174636/5-1/,praktijk m8 - Diëtist Mirjam Achtereekte ,Apeldoorn,06-51609604,http://www.dietistmirjamachtereekte.nl
https://www.detelefoongids.nl/praktijk-eat-happy/20188886/5-1/,Praktijk Eat Happy ,Geertruidenberg,06-12793640,http://www.praktijkeathappy.nl
https://www.detelefoongids.nl/praktijk-in-balans/13990376/5-1/,Praktijk in Balans ,Hengelo ov,074-2426438,
https://www.detelefoongids.nl/liere-voedings-en-dieetadvies-femke-van/18778936/5-1/,Liere Voedings- en Dieetadvies Femke van ,Nieuwerkerk aan den IJssel,06-29474739,http://www.femkevanliere.nl
https://www.detelefoongids.nl/praktijk-voeding-bewust-zijn/45110966/5-1/,Praktijk Voeding Bewust Zijn ,Doetinchem,06-12368398,http://www.voedingbewustzijn.nl
https://www.detelefoongids.nl/praktijk-18-25-voedings-dieetadvies/18954800/5-1/,Praktijk 18-25 Voedings- & Dieetadvies ,Helvoirt,06-28231314,http://www.praktijk18-25.nl
https://www.detelefoongids.nl/pouwels-leefstijl/45391559/5-1/,Pouwels Leefstijl ,Zutphen,06-24811351,http://www.pouwelsleefstijl.nl
https://www.detelefoongids.nl/pool-voedingsbureau-carin/19286666/5-1/,Pool Voedingsbureau Carin ,Harkstede,06-43449384,http://www.carinpool.nl
https://www.detelefoongids.nl/pluimes-voeding-en-dieetadvies/16722085/5-1/,Pluimes Voeding- en Dieetadvies ,Breda,076-5153809,
https://www.detelefoongids.nl/praktijk-voor-dieetcounseling-mannatura-b-geytenbeek/17080894/5-1/,Praktijk voor Dieetcounseling Mannatura B Geytenbeek ,Houten,06-25033394,http://www.mannatura.nl
https://www.detelefoongids.nl/pluim-voedingsadvies-en-hypnotherapie/19296875/5-1/,Pluim Voedingsadvies en Hypnotherapie ,Emmen,0591-610662,
https://www.detelefoongids.nl/plevier-gewichtsconsulente-caroline/19935492/5-1/,Plevier Gewichtsconsulente Caroline ,Breda,06-20965613,http://www.carolineplevier.nl
https://www.detelefoongids.nl/plevier/19737928/5-1/,Plevier ,Oud Gastel,0165-510081,http://www.plevierbusinessbags.com
https://www.detelefoongids.nl/dietisten-gewichtsconsulenten-en-voedingsdeskundigen/4-1/,Dietist,Nederland,06-52646490,
https://www.detelefoongids.nl/mijn-voedingspraktijk/21107194/5-1/,Mijn Voedingspraktijk ,Berkel en Rodenrijs,06-30630529,http://www.mijnvoedingspraktijk.nl
https://www.detelefoongids.nl/metabolic-balance-het-gooi/18837087/5-1/,Metabolic Balance Het Gooi ,Naarden,035-6940790,http://www.metabolic-balance-het-gooi.nl
https://www.detelefoongids.nl/merula-melis-di-tistenpraktijk/45811672/5-1/,Merula Melis di?tistenpraktijk ,Alblasserdam,06-57039622,http://www.merulamelis.nl
https://www.detelefoongids.nl/merrienboer-dietistenpraktijken-bedrijfsdietist-van/18110727/5-1/,Merrienboer Diëtistenpraktijken & Bedrijfsdiëtist Van ,Riel,013-5182858,http://www.dietadvice.nl
https://www.detelefoongids.nl/leefstijlcoach-gb/20397191/5-1/,Leefstijlcoach GB ,Klazienaveen,06-53313665,http://www.leefstijlcoachgb.nl
https://www.detelefoongids.nl/meijer-herbalife-onafhankelijk-distributeur-martin/20037344/5-1/,Meijer Herbalife Onafhankelijk Distributeur Martin ,Valkenburg zh,06-15001154,http://www.be-fitinternational.com
https://www.detelefoongids.nl/meijde-dietistenpraktijk-van-der/19299977/5-1/,Meijde Diëtistenpraktijk Van der ,Vlaardingen,06-44999285,
https://www.detelefoongids.nl/meal-me-lucy-grimberg/14458189/5-1/,Meal-me lucy Grimberg ,Almelo,06-53268023,http://www.meal-me.online
https://www.detelefoongids.nl/marjolein-westland-dietistenpraktijk/20068475/5-1/,Marjolein Westland Diëtistenpraktijk ,Axel,06-25009058,
https://www.detelefoongids.nl/marisa-uw-gewichtsconsulente/19887216/5-1/,Marisa Uw Gewichtsconsulente ,Apeldoorn,055-3663562,http://www.marisa-uw-gewichtsconsulente.nl
https://www.detelefoongids.nl/meavita-thuiszorg/19288443/5-1/,Meavita Thuiszorg ,Den Haag,070-3795353,
https://www.detelefoongids.nl/martine-van-bokhoven-dietist/20955301/5-1/,Martine van Bokhoven Diëtist ,Budel,06-45827195,http://www.martinevanbokhovendietist.nl
https://www.detelefoongids.nl/marion-theuws-voeding-en-dieet/20809298/5-1/,Marion Theuws Voeding en Dieet ,Bergeijk,06-83922885,http://www.mariontheuws.nl
https://www.detelefoongids.nl/marisse-hut-adviesbureau-voeding-gezondheid/15374410/5-1/,Marisse Hut Adviesbureau Voeding & Gezondheid ,Krimpen aan den IJssel,0180-810093,http://www.dietistkrimpen.nl
https://www.detelefoongids.nl/mascini-dieetpraktijk/15527516/5-1/,Mascini Dieetpraktijk ,Lage Mierde,013-5096191,http://www.dieetpraktijkmascini.nl
https://www.detelefoongids.nl/marielle-de-swart-praktijk-voor-voeding-en-dieet/18949899/5-1/,Marielle de Swart Praktijk voor Voeding en Dieet ,Beneden-Leeuwen,06-38305616,
https://www.detelefoongids.nl/marianne-de-eetlijn-coach/45800351/5-1/,Marianne De Eetlijn Coach ,Nisse,06-18798647,https://mariannedeeetlijncoach.nl
https://www.detelefoongids.nl/marieke-bongaerts-gewichtsconsulente-voedingskundige-leefstijlcoach/45629028/5-1/,"Marieke Bongaerts, Gewichtsconsulente - Voedingskundige - Leefstijlcoach ",Echt,06-31968734,http://www.mariekebongaerts.nl
https://www.detelefoongids.nl/manola-gewichtsconsulent/45722647/5-1/,Manola Gewichtsconsulent ,Terband,06-41762388,
https://www.detelefoongids.nl/mana-loa/45811607/5-1/,Mana-Loa ,Hoogeveen,06-53241505,
https://www.detelefoongids.nl/malnucare/19926870/5-1/,MalnuCare ,Amsterdam,085-3035750,http://www.malnucare.nl
https://www.detelefoongids.nl/marianne-oosterveld-dietistenpraktijk/20284900/5-1/,Marianne Oosterveld Diëtistenpraktijk ,Venray,06-29263988,http://www.marianne-oosterveld.nl
https://www.detelefoongids.nl/mair-praktijk-voor-gewichtsbeheersing-eline-le/19667127/5-1/,Mair Praktijk voor Gewichtsbeheersing Eline Le ,Den Haag,06-10753559,http://www.gie-denhaag.nl
https://www.detelefoongids.nl/plettenburg-dieetadvies/180624590050/5-1/,Plettenburg Dieetadvies ,Almelo,06-52646490,http://www.plettenburgdieetadvies.nl
https://www.detelefoongids.nl/plettenburg-dieetadvies/180624590010/5-1/,Plettenburg Dieetadvies ,Enschede,06-52646490,
https://www.detelefoongids.nl/magnivita/45711821/5-1/,MagniVita ,Drunen,06-30569453,http://www.magnivita.nl
https://www.detelefoongids.nl/movitae/18878868/5-1/,Movitae ,Amsterdam,06-43753348,http://www.movitae.nl
https://www.detelefoongids.nl/movedis-voedings-bewegingspraktijk/20832316/5-1/,MoveDis Voedings- & Bewegingspraktijk ,Rotterdam,010-2919675,http://www.movedis.nl
https://www.detelefoongids.nl/maatwerk-diet/16532015/5-1/,Maatwerk Diët ,Delfgauw,015-2562764,
https://www.detelefoongids.nl/move-to-shape/20298929/5-1/,Move To Shape ,Zeist,06-81162399,http://www.movetoshape.nl
https://www.detelefoongids.nl/m-kruithof/45615496/5-1/,M. Kruithof ,Tuk,06-42526019,
https://www.detelefoongids.nl/dietisten-gewichtsconsulenten-en-voedingsdeskundigen/4-1/,Dietist,Nederland,0413-724600,
https://www.detelefoongids.nl/mooyman-p-th-m/18238498/5-1/,Mooyman P Th M ,Hilversum,035-6220353,
https://www.detelefoongids.nl/monique-s-body-care/18987129/5-1/,Monique's Body Care ,Etten-Leur,06-51652807,
https://www.detelefoongids.nl/mooyman-coren-l/19568660/5-1/,Mooyman-Coren L ,Hilversum,035-6235550,
https://www.detelefoongids.nl/moniek-westerman-dietiste/18691328/5-1/,Moniek Westerman Diëtiste ,Groningen,050-5425207,
https://www.detelefoongids.nl/mouw-gewichtsconsulente-mariette/18852192/5-1/,Mouw Gewichtsconsulente Mariëtte ,Arnhem,026-8401340,http://www.gewichtsconsulente-mariettemouw.nl
https://www.detelefoongids.nl/mooislank-afvallen-gewichtsbeheersing/19919625/5-1/,MooiSlank Afvallen & Gewichtsbeheersing ,Terheijden,06-18879991,http://www.mooislank.nl
https://www.detelefoongids.nl/mol-onafh-herbalife-distributeur-paul-en-sandra/18947864/5-1/,Mol Onafh Herbalife Distributeur Paul en Sandra ,Zeewolde,036-5223440,
https://www.detelefoongids.nl/mix-dietisten/18977311/5-1/,Mix Diëtisten ,Den Haag,06-50855371,http://www.mixdietisten.nl
https://www.detelefoongids.nl/mirjam-leefstijl-dieet/19358071/5-1/,MirjaM Leefstijl & Dieet ,Nieuw-Vennep,06-50824418,
https://www.detelefoongids.nl/mirjam-leefstijl-dieet/ym00030838/5-1/,MirjaM - leefstijl & dieet ,Sassenheim,06-50824418,http://www.voedingsstijl.nl
https://www.detelefoongids.nl/mirjam-bon-sportdietist/45337771/5-1/,Mirjam Bon Sportdiëtist ,Hengelo ov,06-23135714,
https://www.detelefoongids.nl/miranda-goossens-dieet-en-voedingsadviespraktijk/20100275/5-1/,Miranda Goossens Dieet en Voedingsadviespraktijk ,Etten-Leur,06-21525832,http://www.dietistmiranda.nl
https://www.detelefoongids.nl/mirte-peters-dietist/19769005/5-1/,Mirte Peters Diëtist ,Eindhoven,06-30182009,
https://www.detelefoongids.nl/mirjam-bakker-van-dam/19337210/5-1/,Mirjam Bakker-van Dam ,Den Haag,06-27595410,http://www.dedieetwinkel.nl
https://www.detelefoongids.nl/miracle-performance/19984356/5-1/,Miracle Performance ,Soest,06-54790754,http://www.miracleperformance.nl
https://www.detelefoongids.nl/minder-de-jong/45856546/5-1/,Minder & de Jong ,Bunschoten-Spakenburg,06-38039531,http://www.minderendejong.nl
https://www.detelefoongids.nl/mijnvoedingscoach/19168583/5-1/,MijnVoedingscoach ,Den Haag,06-39825245,http://www.mijnvoedingscoach.nl
https://www.detelefoongids.nl/voedingsperspectief/21214152/5-1/,Voedingsperspectief ,Leiden,06-46086449,http://www.voedingsperspectief.nl
https://www.detelefoongids.nl/mindset-voedingsadvies-lifestyle-coaching/19941089/5-1/,Mindset Voedingsadvies & Lifestyle Coaching ,Heemstede,06-22775589,http://www.mindsetvoedingsadvies.nl
https://www.detelefoongids.nl/mohr-dietetiek/20983268/5-1/,Mohr Diëtetiek ,Son en Breugel,0413-724600,http://www.mohrdietetiek.nl
https://www.detelefoongids.nl/mohr-dietetiek/19484351/5-1/,Mohr Diëtetiek ,St Oedenrode,0413-724600,http://www.mohrdietetiek.nl
https://www.detelefoongids.nl/stichting-eerstelijnszorg-bocholtz-simpelveld/12856227/5-1/,Stichting Eerstelijnszorg Bocholtz-Simpelveld ,Bocholtz,045-5441099,http://www.wmcbocholtz.nl
https://www.detelefoongids.nl/den-heijer-administratieservice/20981096/5-1/,Den Heijer Administratieservice ,Den Haag,070-2051030,
https://www.detelefoongids.nl/dietisten-voedingsdeskundigen-viva-zorggroep/18017753/5-1/,Diëtisten/Voedingsdeskundigen ViVa! Zorggroep ,Heemskerk,088-9957420,http://www.vivazorggroep.nl
https://www.detelefoongids.nl/altius-fysiotherapie-sport-en-preventie/18471920/5-1/,Altius Fysiotherapie Sport en Preventie ,Zeewolde,036-8489226,http://www.altiuszeewolde.nl
https://www.detelefoongids.nl/biamed-medische-dieetcentra/20077721/5-1/,BIAmed Medische Dieetcentra ,Hoorn nh,0229-279898,http://www.biamed.com
https://www.detelefoongids.nl/fit-en-balans-dietist/exd-00111038/5-1/,Fit en Balans Diëtist ,Den Haag,06-42626729,
https://www.detelefoongids.nl/medisch-centrum-leebrug-huisartsen/18668701/5-1/,Medisch Centrum Leebrug Huisartsen ,Houten,030-6390750,http://www.houtenseapotheken.nl
https://www.detelefoongids.nl/west-coast-gym/20285137/5-1/,West Coast Gym ,Monster,0174-247020,https://westcoastgym.nl
https://www.detelefoongids.nl/fysiotherapie-bakker/yx2788374/5-1/,Fysiotherapie Bakker ,Emmeloord,0527-621273,http://www.fysiotherapiebakker.nl
https://www.detelefoongids.nl/fysiotherapie-bakker/yx2731972/5-1/,Fysiotherapie Bakker ,Emmeloord,06-37609070,http://www.fysiotherapiebakker.nl
https://www.detelefoongids.nl/dietisten-gewichtsconsulenten-en-voedingsdeskundigen/4-1/,Dietist,Nederland,0314-741000,
https://www.detelefoongids.nl/pieters-behandel-praktijk/20704113/5-1/,Pieters Behandel Praktijk ,Naaldwijk,0174-744700,http://pietervanforeest.nl/behandeling/pieters-behandel-praktijk
https://www.detelefoongids.nl/szr-stichting-zorgcentra-rivierenland/45759467/5-1/,SZR (Stichting Zorgcentra Rivierenland) ,Tiel,0344-671311,http://www.szr.nl
https://www.detelefoongids.nl/roerade-praktijk-oefentherapie-mensendieck/19728233/5-1/,Roerade praktijk Oefentherapie Mensendieck ,Goor,0547-276570,http://www.roeradepraktijkoefentherapie.nl
https://www.detelefoongids.nl/medisch-centrum-de-poort/45346142/5-1/,Medisch Centrum De Poort ,Bergen op Zoom,0164-213399,http://www.mc-depoort.nl
https://www.detelefoongids.nl/mediq/20951842/5-1/,Mediq ,De Meern,030-2821300,http://www.mediqtefa.nl
https://www.detelefoongids.nl/huisartsencentrum-uithuizen/46093608/5-1/,Huisartsencentrum Uithuizen ,Uithuizen,0595-431517,http://www.huisartsencentrumuithuizen.nl
https://www.detelefoongids.nl/logopediepraktijk-veerman/19945104/5-1/,Logopediepraktijk Veerman ,Apeldoorn,055-3563235,http://www.logopedieveerman.nl
https://www.detelefoongids.nl/logopediepraktijk-j-e-h-m-withaar/18906671/5-1/,Logopediepraktijk J E H M Withaar ,Gennep,0485-514269,http://www.logopediegennep.nl
https://www.detelefoongids.nl/lijf-leven-ede-fit-en-fysiotherapie/46096595/5-1/,Lijf & Leven Ede fit en fysiotherapie ,Ede gld,0318-642509,http://www.lijfenleven.com/fysiotherapie-ede
https://www.detelefoongids.nl/kinderfysiotherapie-first-fysio-roeleke-faber-drs/46093797/5-1/,Kinderfysiotherapie First Fysio Roeleke Faber Drs ,Leeuwarden,058-2162966,http://www.firstfysio.nl
https://www.detelefoongids.nl/huisartsenpraktijk-van-eerd-gezondheidscentrum-bredero/13068804/5-1/,Huisartsenpraktijk Van Eerd  - Gezondheidscentrum Bredero ,Breda,076-5218647,http://www.huisartsenpraktijkvaneerd.nl
https://www.detelefoongids.nl/huisartsenpraktijk-mw-m-nota-en-r-swart/45718907/5-1/,Huisartsenpraktijk Mw. M. Nota en R. Swart ,Purmerend,0299-472100,http://www.huisartsnotaswart.praktijkinfo.nl
https://www.detelefoongids.nl/dietisten-gewichtsconsulenten-en-voedingsdeskundigen/4-1/,Dietist,Nederland,0599-820282,
https://www.detelefoongids.nl/hoekstra-huisartspraktijk-j/20290192/5-1/,Hoekstra Huisartspraktijk J ,Castricum,0251-652289,http://www.castricum.praktijkinfo.nl
https://www.detelefoongids.nl/huisartsenpraktijk-perree-leemans-harting/20092555/5-1/,Huisartsenpraktijk Perrée-Leemans-Harting ,Breda,076-5141486,http://www.stadshartbreda.praktijkinfo.nl
https://www.detelefoongids.nl/fysio-en-manuele-therapie-piels/11754871/5-1/,Fysio-en Manuele Therapie Piels ,Kerkdriel,0418-633678,http://www.fysiotherapiepiels.nl
https://www.detelefoongids.nl/huisartsenpraktijk-vrolijk-mcrh/17111947/5-1/,Huisartsenpraktijk Vrolijk MCRH ,Amsterdam,020-6731337,http://www.huisartsvrolijk.nl
https://www.detelefoongids.nl/dietistenpraktijk-pauline-maas-bulk/45897482/5-1/,Diëtistenpraktijk Pauline Maas-Bulk ,Waddinxveen,06-27888497,http://www.dietist-voedingsdeskundige.nl
https://www.detelefoongids.nl/huid-en-oedeemcentrum/19506887/5-1/,Huid- en Oedeemcentrum ,Dronten,0321-337134,http://www.huidenoedeemcentrum.nl
https://www.detelefoongids.nl/solis/207564560010/5-1/,Solis ,Deventer,0570-698298,http://www.zorggroepsolis.nl
https://www.detelefoongids.nl/fysio-manuele-therapie-gezondheids-centrum-merenwijk/19607458/5-1/,Fysio/Manuele therapie Gezondheids centrum Merenwijk ,Leiden,071-5212286,http://www.gc-merenwijk.nl
https://www.detelefoongids.nl/fysiotherapie-van-der-knaap-postmus/18566136/5-1/,Fysiotherapie van der Knaap & Postmus ,Assen,0592-354151,http://www.fysiovanderknaappostmus.nl
https://www.detelefoongids.nl/adfys-paramedisch-centrum/20292824/5-1/,ADFYS Paramedisch Centrum ,Montfoort,0348-476840,
https://www.detelefoongids.nl/huisartspraktijk-wildervank/13410027/5-1/,Huisartspraktijk Wildervank ,Wildervank,0598-654646,http://www.huisartsenpraktijkwildervank.nl
https://www.detelefoongids.nl/huisartspraktijk-vatankhah/41614157/5-1/,Huisartspraktijk Vatankhah ,Hengelo ov,074-2421881,http://www.huisartsvatankhah.praktijkinfo.nl
https://www.detelefoongids.nl/verloskundigenpraktijk-montferland-wehl/20753230/5-1/,Verloskundigenpraktijk Montferland Wehl ,Wehl,0314-741000,http://www.verloskundigen-mw.nl
https://www.detelefoongids.nl/verloskundigenpraktijk-montferland-wehl/20753228/5-1/,Verloskundigenpraktijk Montferland Wehl ,'s-Heerenberg,0314-741000,http://www.verloskundigen-mw.nl
https://www.detelefoongids.nl/archipel-thuis/20778089/5-1/,Archipel Thuis ,Eindhoven,0800-0717,http://www.archipelthuis.nl
https://www.detelefoongids.nl/fysiobb-foottotaal/19177444/5-1/,FysioBB FooTTotaal ,Almere,036-5322999,http://www.fysiobb.nl
https://www.detelefoongids.nl/fysiotherapie-van-beek-bloemsaat/19371725/5-1/,Fysiotherapie Van Beek & Bloemsaat ,Raamsdonksveer,0162-516358,http://www.vanbeekenbloemsaat.nl
https://www.detelefoongids.nl/verloskundigenpraktijk-montferland-wehl/185501440010/5-1/,Verloskundigenpraktijk Montferland Wehl ,Didam,0314-741000,http://www.verloskundigen-mw.nl
https://www.detelefoongids.nl/podotherapie-laken/19713432/5-1/,Podotherapie Läken ,Valthermond,0599-820282,http://www.podotherapielaken.nl
https://www.detelefoongids.nl/podotherapie-laken/19713437/5-1/,Podotherapie Läken ,Nieuw-Buinen,0599-820282,http://www.podotherapielaken.nl
https://www.detelefoongids.nl/podotherapie-laken/19713434/5-1/,Podotherapie Läken ,Odoorn,0599-820282,http://www.podotherapielaken.nl
https://www.detelefoongids.nl/team-fysiotherapie-drunen/19988228/5-1/,Team Fysiotherapie Drunen ,Drunen,0416-382029,https://www.teamfysiotherapie.nl
https://www.detelefoongids.nl/dietisten-gewichtsconsulenten-en-voedingsdeskundigen/4-1/,Dietist,Nederland,0183-569260,
https://www.detelefoongids.nl/perine-instituut/17197857/5-1/,Perine Instituut ,Mijdrecht,0297-273121,http://perine.mobi
https://www.detelefoongids.nl/vlugt-ferwerda-administraties-en-belastingen/12044523/5-1/,Vlugt & Ferwerda Administraties en Belastingen ,Monnickendam,0299-651462,http://www.vlugtferwerda.nl
https://www.detelefoongids.nl/veerman-h/19485329/5-1/,Veerman H ,Apeldoorn,055-3554656,http://www.logopedieveerman.nl
https://www.detelefoongids.nl/merenwijk-gezondheidscentrum/16620349/5-1/,Merenwijk Gezondheidscentrum ,Leiden,071-5218661,http://www.gcmerenwijk.nl
https://www.detelefoongids.nl/fysiotherapie-polman/20281011/5-1/,Fysiotherapie Polman ,Enschede,053-7676060,https://fysio-polman.nl
https://www.detelefoongids.nl/ketenzorg-west-friesland/19728151/5-1/,Ketenzorg West-Friesland ,Hoorn nh,0229-219401,http://www.ketenzorgwf.nl
https://www.detelefoongids.nl/kaam-t-a-p-van/19181898/5-1/,Kaam T A P van ,Apeldoorn,055-3554656,
https://www.detelefoongids.nl/fysiotherapie-polman/45641241/5-1/,Fysiotherapie Polman ,Enschede,053-7676060,https://fysio-polman.nl
https://www.detelefoongids.nl/thuiszorg-arnhem/19121375/5-1/,Thuiszorg Arnhem ,Arnhem,026-7517300,
https://www.detelefoongids.nl/nederlands-medisch-interventiecentrum/18150367/5-1/,Nederlands Medisch Interventiecentrum ,Almere,036-5371440,http://www.interventiecentrum.nl
https://www.detelefoongids.nl/quarijn-kennis-en-behandelcentrum-en-revalidatie/19065464/5-1/,QuaRijn Kennis en BehandelCentrum en Revalidatie ,Doorn,0343-474849,http://www.quarijn.nl
https://www.detelefoongids.nl/huisartsen-gezondheidscentrum-samen-beter/19826040/5-1/,Huisartsen Gezondheidscentrum Samen Beter ,Den Bosch,073-6130765,http://www.samenbeter.nl
https://www.detelefoongids.nl/ggd-gooi-vechtstreek/19661686/5-1/,GGD Gooi & Vechtstreek ,Bussum,035-6926222,http://www.ggdgooi.nl
https://www.detelefoongids.nl/gezondheidspraktijk-b-leev/21151691/5-1/,Gezondheidspraktijk B-Leev ,Soest,06-48096223,http://www.b-leev.nl
https://www.detelefoongids.nl/gezondheidscentrum-didam/19207174/5-1/,Gezondheidscentrum Didam ,Didam,0316-224159,http://www.gcdidam.nl
https://www.detelefoongids.nl/gazo-gezondheidscentra-amsterdam-zuidoost/210351770010/5-1/,GAZO Gezondheidscentra Amsterdam Zuidoost ,Amsterdam,088-2992020,http://www.gezondheidscentrumgein.nl
https://www.detelefoongids.nl/fysiorooi-fysiotherapiepraktijk/20030202/5-1/,Fysiorooi Fysiotherapiepraktijk ,St Oedenrode,0413-473196,http://www.fysiorooi.nl
https://www.detelefoongids.nl/driesprong-de-natuurgeneeskunde/20035892/5-1/,"Driesprong de, Natuurgeneeskunde ",Valkenswaard,06-13360304,http://www.dedriesprong.net
https://www.detelefoongids.nl/diephuis-apotheek/9062155/5-1/,Diephuis Apotheek ,Groningen,050-5716848,http://www.apotheekdiephuis.nl
https://www.detelefoongids.nl/dietisten-gewichtsconsulenten-en-voedingsdeskundigen/4-1/,Dietist,Nederland,0314-327436,
https://www.detelefoongids.nl/gezondheidscentrum-roerdomp-de/17377344/5-1/,Gezondheidscentrum Roerdomp De ,Nieuwegein,030-6040414,http://www.roerdomp.nl
https://www.detelefoongids.nl/huisarts-apotheekhoudend-sluijs-r-a-p-en-sluijs-gerrits-l-m-a/20040489/5-1/,Huisarts Apotheekhoudend Sluijs R A P en Sluijs-Gerrits L M A ,Hellum,0598-431219,http://www.huisartssluijs.nl
https://www.detelefoongids.nl/zorgplaza/18945489/5-1/,Zorgplaza ,Waalwijk,0416-672060,http://www.zorgplazawaalwijk.nl
https://www.detelefoongids.nl/revalidatiegeneeskunde-van-loo-veerhoek/21421552/5-1/,Revalidatiegeneeskunde Van Loo & Veerhoek ,Vlissingen,0113-330875,http://www.revalidatiezeeland.nl
https://www.detelefoongids.nl/apotheek-nieuw-sloten/18417474/5-1/,Apotheek Nieuw Sloten ,Amsterdam,020-6152075,http://www.apotheeknieuwsloten.nl
https://www.detelefoongids.nl/wildersgang-apotheek/19705099/5-1/,Wildersgang Apotheek ,Delfzijl,0596-613548,http://www.apotheekwildersgang.nl
https://www.detelefoongids.nl/centrum-via-natura/20159285/5-1/,Centrum via Natura ,Deventer,06-41667680,http://www.centrumvianatura.nl
https://www.detelefoongids.nl/rivas-zorggroep/209922590048/5-1/,Rivas Zorggroep ,Hardinxveld Giessendam,0184-677122,http://www.rivas.nl
https://www.detelefoongids.nl/rivas-zorggroep/209922590260/5-1/,Rivas Zorggroep ,Sliedrecht,0900-8440,http://www.rivas.nl
https://www.detelefoongids.nl/rivas-zorggroep/209922590240/5-1/,Rivas Zorggroep ,Papendrecht,078-6443100,http://www.rivas.nl
https://www.detelefoongids.nl/rivas-zorggroep/209922590200/5-1/,Rivas Zorggroep ,Papendrecht,078-6441313,http://www.rivas.nl
https://www.detelefoongids.nl/rivas-zorggroep/209922590052/5-1/,Rivas Zorggroep ,Nieuwpoort,0184-616110,http://www.rivas.nl
https://www.detelefoongids.nl/rivas-zorggroep/209922850090/5-1/,Rivas Zorggroep ,Lexmond,0900-8440,http://www.rivas.nl
https://www.detelefoongids.nl/rivas-zorggroep/209922590036/5-1/,Rivas Zorggroep ,Gorinchem,0183-675400,http://www.rivas.nl
https://www.detelefoongids.nl/rivas-zorggroep/209922590034/5-1/,Rivas Zorggroep ,Gorinchem,0183-655353,http://www.rivas.nl
https://www.detelefoongids.nl/rivas-zorggroep/209922590032/5-1/,Rivas Zorggroep ,Arkel,0183-569260,http://www.rivas.nl
https://www.detelefoongids.nl/gezondheidscentrum-noord/46096986/5-1/,Gezondheidscentrum Noord ,Den Bosch,073-6461555,http://www.gcnoord.nu
https://www.detelefoongids.nl/doetinchemse-apotheken-rozengaarde-de-haan-bastion/45240652/5-1/,"Doetinchemse Apotheken; Rozengaarde, De Haan, Bastion ",Doetinchem,0314-327436,http://www.doetinchemseapotheken.nl
https://www.detelefoongids.nl/behandelcentrum-valkenhof-leende/20946407/5-1/,Behandelcentrum Valkenhof Leende ,Leende,040-8003115,http://www.behandelcentrumvalkenhof.nl
https://www.detelefoongids.nl/visser-natuurdietist-tanja/18727061/5-1/,Visser Natuurdiëtist Tanja ,Heerhugowaard,072-5711475,http://www.dieetcare.nl
https://www.detelefoongids.nl/sluis-apotheek-vd/18476313/5-1/,Sluis Apotheek vd ,Sneek,0515-425050,http://www.apotheekvandersluis.nl
https://www.detelefoongids.nl/service-apotheek-nieuw-sloten/20030233/5-1/,Service Apotheek Nieuw Sloten ,Amsterdam,020-6152075,http://www.apotheeknieuwsloten.nl
https://www.detelefoongids.nl/schalkwijk-apotheek/20706714/5-1/,Schalkwijk Apotheek ,Haarlem,023-5359360,http://www.schalkwijkapotheek.nl
https://www.detelefoongids.nl/gezondheidscentrum-mariastraat/19285459/5-1/,Gezondheidscentrum Mariastraat ,Rotterdam,010-4400777,http://www.gcmariastraat.nl
https://www.detelefoongids.nl/gezondheidscentrum-assen-noord/21089749/5-1/,Gezondheidscentrum Assen Noord ,Assen,0592-376666,http://www.assennoord.nl
https://www.detelefoongids.nl/apotheken-doetinchem/202073840090/5-1/,Apotheken Doetinchem ,Doetinchem,0314-333948,
https://www.detelefoongids.nl/apotheken-doetinchem/202073840130/5-1/,Apotheken Doetinchem ,Doetinchem,0314-324058,
https://www.detelefoongids.nl/gezondheidscentrum-hazenkamp/19965482/5-1/,Gezondheidscentrum Hazenkamp ,Nijmegen,024-3560954,http://www.ghc-hazenkamp.nl
https://www.detelefoongids.nl/apotheek-sassenheim/19485727/5-1/,Apotheek Sassenheim ,Sassenheim,0252-210169,http://www.apotheeksassenheim.nl
https://www.detelefoongids.nl/de-posten/20956515/5-1/,de Posten ,Enschede,053-4753753,http://www.deposten.nl
https://www.detelefoongids.nl/casa-cura/19669336/5-1/,Casa Cura ,Hilversum,035-6241921,http://www.casa-cura.nl
https://www.detelefoongids.nl/paramove-paramedische-diensten/19475645/5-1/,Paramove Paramedische Diensten ,Roosendaal,0165-391026,http://www.paramove.nl
https://www.detelefoongids.nl/apotheken-doetinchem/202073840010/5-1/,Apotheken Doetinchem ,Doetinchem,0314-327436,http://www.doetinchemseapotheken.nl
https://www.detelefoongids.nl/gezondheidscentrum-hartje-eindhoven-strijp-clematis-gezondheidscentra/45787237/5-1/,Gezondheidscentrum Hartje Eindhoven Strijp - Clematis Gezondheidscentra ,Eindhoven,040-2519950,http://www.clematisgezondheidscentra.nl
https://www.detelefoongids.nl/apotheek-zuiderhaaks/45846313/5-1/,Apotheek Zuiderhaaks ,Den Helder,0223-623132,https://www.apotheekzuiderhaaks.nl
https://www.detelefoongids.nl/gezondheidscentrum-hasseler-es/18091440/5-1/,Gezondheidscentrum Hasseler Es ,Hengelo ov,074-2770200,http://www.gezondheidscentrumhasseleres.praktijkinfo.nl
https://www.detelefoongids.nl/gezondheidscentrum-diemen-noord/19681434/5-1/,Gezondheidscentrum Diemen Noord ,Diemen,020-6000566,http://www.gzc-diemennoord.nl
https://www.detelefoongids.nl/huisartsenpraktijk-lupine/46087991/5-1/,Huisartsenpraktijk Lupine ,Alphen aan den Rijn,0172-235970,http://www.ssglupine.nl
https://www.detelefoongids.nl/mercuur-therapeuticum-gezondheidscentrum/19257988/5-1/,Mercuur Therapeuticum / Gezondheidscentrum ,Eindhoven,040-2460970,http://www.mercuur.praktijkinfo.nl
https://www.detelefoongids.nl/gezondheidscentrum-diemen-zuid/19679798/5-1/,Gezondheidscentrum Diemen Zuid ,Diemen,020-6998121,http://www.gzcdiemenzuid.nl
https://www.detelefoongids.nl/dietisten-midden-nederland/exd-00092810/5-1/,Diëtisten Midden Nederland ,Utrecht,06-53194402,
https://www.detelefoongids.nl/zorg-de-keizer-dietist-orthomoleculairtherapeut/17982512/5-1/,Zorg De Keizer Diëtist/Orthomoleculairtherapeut ,Venray,0478-511777,http://www.zorgdekeizer.nl
https://www.detelefoongids.nl/wirda-mohammad-dietist/21082902/5-1/,"Wirda Mohammad, Diëtist ",Amsterdam,06-25237494,
https://www.detelefoongids.nl/susanne-berbee-dietist/20808495/5-1/,Susanne Berbee Dietist ,Leiden,06-41502086,
https://www.detelefoongids.nl/saskia-peters-dietist/21223433/5-1/,"Saskia Peters, diëtist. ",Amsterdam,06-34978746,
https://www.detelefoongids.nl/sanne-stevens-dietist/21202077/5-1/,Sanne Stevens diëtist ,Utrecht,06-39237462,
https://www.detelefoongids.nl/puur-is-the-new-natural-dietist-en-personal-trainer-s/20578705/5-1/,"Puur! is the new natural, diëtist en (personal) trainer(s) ",Leeuwarden,06-12030900,http://www.puurnatural.nl
https://www.detelefoongids.nl/najara-dankers-dietist/21407760/5-1/,Najara Dankers Diëtist ,Rotterdam,06-55105829,
https://www.detelefoongids.nl/michelle-vrij-dietist-leefstijlcoach/45880001/5-1/,Michelle Vrij: Dietist & Leefstijlcoach ,Beverwijk,06-30415044,
https://www.detelefoongids.nl/michelle-vrij-dietist-leefstijlcoach/45877119/5-1/,Michelle Vrij: Dietist & Leefstijlcoach ,Beverwijk,06-30415044,
https://www.detelefoongids.nl/mathias-fluit-dietist-coach/45674731/5-1/,Mathias Fluit | Diëtist & Coach ,Zutphen,06-47099470,http://www.mathiasfluit.nl
https://www.detelefoongids.nl/laura-van-beurden-dietist/21183994/5-1/,Laura van Beurden diëtist ,Culemborg,06-38755494,
https://www.detelefoongids.nl/lisette-matze-dietist/45440681/5-1/,Lisette Matze - diëtist ,Langbroek,06-57412654,
https://www.detelefoongids.nl/marlies-nagel-dietist/45790924/5-1/,Marlies Nagel - Diëtist ,Weesp,06-40203674,
https://www.detelefoongids.nl/martine-sikkens-dietist/exd-00132323/5-1/,Martine Sikkens diëtist ,Amersfoort,06-36233661,
https://www.detelefoongids.nl/lifestyle-dietist-lisa/45841522/5-1/,Lifestyle Diëtist Lisa ,Deurne,06-83045475,
https://www.detelefoongids.nl/lef-dietist-isabel-de-groot/45441815/5-1/,LEF Diëtist Isabel de Groot ,Gorinchem,06-10318402,
https://www.detelefoongids.nl/joline-michels-dietist/45784194/5-1/,Joline Michels diëtist ,Tilburg,06-17210125,
https://www.detelefoongids.nl/m-van-nes-voedingskundige-dietist/45469489/5-1/,M. van Nes Voedingskundige/ Diëtist ,Gieten,06-46724381,
https://www.detelefoongids.nl/jolien-hofman-dietist/45415078/5-1/,Jolien Hofman Diëtist ,Giessenburg,06-26743938,
https://www.detelefoongids.nl/marteke-van-beek-dietist/exd-00003552/5-1/,Marteke van Beek dietist ,Doetinchem,06-28130607,
https://www.detelefoongids.nl/kennemer-dietist-en-lifestyle-coach/21253019/5-1/,Kennemer Diëtist en Lifestyle Coach ,Zuid-Scharwoude,06-28212721,http://www.kennemerdietist.nl
https://www.detelefoongids.nl/jonathan-dietist-voedingscoach/21330571/5-1/,Jonathan Diëtist & Voedingscoach ,Amsterdam,06-12475985,http://www.jonathanklaassen.nl
https://www.detelefoongids.nl/hoi-sun-snoek-dietist/45554878/5-1/,"Hoi Sun Snoek, diëtist ",Amersfoort,06-38321805,
