Name,Price,Brand,Model,Image 1,Image 2
Fender Squier Bullet Strat HT IL AWT E-Gitarre,"
                EUR 149.00
            ","
                        Fender
                    ","
                    262495
                ",,
Ibanez GRG170DX-BKN E-Gitarre,"
                EUR 269.00
            ","
                        Ibanez
                    ","
                    150245
                ",,
Ibanez GSA60-BS E-Gitarre,"
                EUR 249.00
            ","
                        Ibanez
                    ","
                    210951
                ",,
Fender Squier Affinity Strat HH IL BPG CFM E-Gitarre,"
                EUR 269.00
            ","
                        Fender
                    ","
                    274753
                ",,
Ibanez GRX70QA-TRB Gio E-Gitarre,"
                EUR 209.00
            ","
                        Ibanez
                    ","
                    265527
                ",,
STAGG SES-30 SNB Standard S E-Gitarre,"
                EUR 139.00
            ","
                        Stagg
                    ","
                    276268
                ",,
ESP E-II M-II NT HS BTB E-Gitarre inkl. Koffer,"
                EUR 3,029.00
            ","
                        ESP LTD
                    ","
                    272033
                ",,
Ibanez GRG170DX-BKN E-Gitarre B-Ware,"
                EUR 239.00
            ","
                        Ibanez
                    ","
                    275895
                ",,
Ibanez GSA60-WNF E-Gitarre,"
                EUR 249.00
            ","
                        Ibanez
                    ","
                    245727
                ",,
Ibanez GRX70QA-TBB Gio E-Gitarre,"
                EUR 215.00
            ","
                        Ibanez
                    ","
                    265526
                ",,
Ibanez RGA42EX-BAM E-Gitarre,"
                EUR 399.00
            ","
                        Ibanez
                    ","
                    272830
                ",,
Jet Guitars JS450 Trans Black E-Gitarre,"
                EUR 299.00
            ","
                        JET Guitars
                    ","
                    277009
                ",,
Ibanez RG421AHM-BMT E-Gitarre,"
                EUR 399.00
            ","
                        Ibanez
                    ","
                    261546
                ",,
Fender Squier Bullet Strat Tremolo HSS IL BSB E-Gitarre,"
                EUR 169.00
            ","
                        Fender
                    ","
                    262562
                ",,
Ibanez RG1121PB-CIF E-Gitarre inkl. Gigbag,"
                EUR 1,099.00
            ","
                        Ibanez
                    ","
                    270517
                ",,
STAGG SES-60 WHB Vintage S E-Gitarre,"
                EUR 189.00
            ","
                        Stagg
                    ","
                    276292
                ",,
ESP Ltd M-Black Metal BLKS E-Gitarre,"
                EUR 1,169.00
            ","
                        ESP LTD
                    ","
                    263874
                ",,
Ibanez GRG121DX-WNF E-Gitarre,"
                EUR 215.00
            ","
                        Ibanez
                    ","
                    250226
                ",,
Ibanez GRGR221PA-AQB E-Gitarre,"
                EUR 269.00
            ","
                        Ibanez
                    ","
                    273609
                ",,
Jackson JS32 Dinky DKA-M Snow White E-Gitarre,"
                EUR 319.00
            ","
                        Jackson
                    ","
                    253250
                ",,
Fender Squier Bullet Strat Tremolo SSS IL BSB E-Gitarre,"
                EUR 159.00
            ","
                        Fender
                    ","
                    271714
                ",,
Ibanez RG421EX-BKF E-Gitarre,"
                EUR 399.00
            ","
                        Ibanez
                    ","
                    245964
                ",,
Ibanez AZES40-PRB E-Gitarre,"
                EUR 329.00
            ","
                        Ibanez
                    ","
                    276233
                ",,
Fender Squier Affinity Strat MN WPG BLK E-Gitarre,"
                EUR 249.00
            ","
                        Fender
                    ","
                    274737
                ",,
