Name,Price,SKU,Category,Photo
Alberto Long Grain  White Rice 5lb,740.00,10609,"Rice, Grains, Pasta & Beans",https://storetodoorja.com/wp-content/uploads/2019/02/alberto-white-5lbs.jpg
Broad Bean *per pound,330.00,10622,"Rice, Grains, Pasta & Beans",https://storetodoorja.com/wp-content/uploads/2021/05/Broad-Beans.jpg
Eve Elbow Macaroni 400g,270.00,10624,"Rice, Grains, Pasta & Beans",https://storetodoorja.com/wp-content/uploads/2019/03/download-24.jpg
Alberto White Rice 2lb,300.00,10608,"Rice, Grains, Pasta & Beans",https://storetodoorja.com/wp-content/uploads/2019/01/alberta5lb.jpg
Coarse Cornmeal *per pound,75.00,10652,"Rice, Grains, Pasta & Beans",https://storetodoorja.com/wp-content/uploads/2019/03/Coarse-Cornmeal.jpeg
EVE GOLDEN CANE SUGAR(2KG) 4.4LB,640.00,,"Rice, Grains, Pasta & Beans",https://storetodoorja.com/wp-content/uploads/2021/02/EVE-GOLDEN-CANE-SUGAR2KG-4.4LB.jpg
Eve Macaroni Twist 200gm,110.00,10610,"Rice, Grains, Pasta & Beans",https://storetodoorja.com/wp-content/uploads/2019/03/dscf1470_large.jpeg
BULGAR WHEAT RICE per pound,160.00,,Grains,
Eve Elbow Macaroni 200g,200.00,10623,"Rice, Grains, Pasta & Beans",https://storetodoorja.com/wp-content/uploads/2019/03/DSC_0611-e1426274111250.jpg
BULK HOMINY CORN,130.00,,"Rice, Grains, Pasta & Beans",
Alberto Long Grain White Rice 4.5kg (5lbs),740.00,10612,"Rice, Grains, Pasta & Beans",https://storetodoorja.com/wp-content/uploads/2019/01/alberta5lb.jpg
Alberto Parboiled Rice 1kg (2lbs),300.00,10613,"Rice, Grains, Pasta & Beans",https://storetodoorja.com/wp-content/uploads/2019/01/alberta5lb.jpg
Grace Natural Long Grain Brown Rice 800g,380.00,10618,"Rice, Grains, Pasta & Beans",https://storetodoorja.com/wp-content/uploads/2019/01/gracerice.jpg
White Rice *per pound,75.00,10621,"Rice, Grains, Pasta & Beans",https://storetodoorja.com/wp-content/uploads/2019/02/white-rice1.jpg
Goya Lentils 14oz,295.00,10628,"Rice, Grains, Pasta & Beans",https://storetodoorja.com/wp-content/uploads/2019/03/O0004133102476.jpeg
Pigeon Peas (Gungo Peas) *per pound,350.00,10629,"Rice, Grains, Pasta & Beans",https://storetodoorja.com/wp-content/uploads/2019/03/Pigeon-Peas-Gungo-Peas.jpg
Round Red Peas *per pound,210.00,10631,"Rice, Grains, Pasta & Beans",https://storetodoorja.com/wp-content/uploads/2019/03/Round-Red-Peas.jpg
GRACE JASMINE RICE (2KG) 4.4LB,"1,100.00",,"Rice, Grains, Pasta & Beans",https://storetodoorja.com/wp-content/uploads/2020/11/GRACE-JASMINE-RICE-2KG-4.4LB.jpg
GOLDEN DIAMOND THAI JASMINE RICE (1KG) 2LBS,400.00,,"Rice, Grains, Pasta & Beans",https://storetodoorja.com/wp-content/uploads/2021/05/GOLDEN-DIAMOND-THAI-JASMINE-RICE-1KG-2LBS.jpg
Grace Pasta Spaghetti 400g,285.00,10648,"Rice, Grains, Pasta & Beans",https://storetodoorja.com/wp-content/uploads/2019/03/icon-512-512-true-7b6aab80c68720074316467889b0f667.png
Lasco Spaghetti â€“ NET WT 300g,145.00,10650,"Rice, Grains, Pasta & Beans",https://storetodoorja.com/wp-content/uploads/2019/03/215633_Pasta_original.jpg
Red Kidney Peas *per pound,200.00,10630,"Rice, Grains, Pasta & Beans",https://storetodoorja.com/wp-content/uploads/2019/03/Red-Kidney-Bean-1.jpg
Grace Cornmeal 400g,170.00,10638,"Rice, Grains, Pasta & Beans",https://storetodoorja.com/wp-content/uploads/2019/01/DSC_0957-e1425487425565.jpg
Eve tri-colour Penne Pasta 200g,105.00,10626,"Rice, Grains, Pasta & Beans",https://storetodoorja.com/wp-content/uploads/2019/03/DSC_0647-e1426524336857.jpg
GRACE QUINOA WHOLE GRAIN RICE (500G),780.00,,"Rice, Grains, Pasta & Beans",https://storetodoorja.com/wp-content/uploads/2021/05/GRACE-QUINOA-WHOLE-GRAIN-RICE-500G.jpg
GOLDEN DIAMOND THAI JASMINE RICE (2kg)4.4lb,960.00,,"Rice, Grains, Pasta & Beans",
Eve Spaghetti 400g,230.00,10625,"Rice, Grains, Pasta & Beans",https://storetodoorja.com/wp-content/uploads/2019/03/Eve-Macaroni-400g_38b8e826-6b99-4384-bb7f-f445e0d1c950_large.jpg
